id,account,email,display_name,role_label,app_role,role_aliases,branch_code,workforce_type,force_password_change,auth_user_id,status,metadata,created_at,updated_at,aliases,full_name,department,employee_code,phone_e164,is_active,last_login_at,employee_id,name,designation,role_id
c0a92c9b-7587-4db6-91b3-40db18601c02,optmgr_ygn_001,optmgr_ygn_001@britiumventures.com,Operation Manager (Head Office) 1,Operation Manager,operation_manager,"[""operation_manager"",""operations_manager"",""ops_manager""]",YGN,Operation Manager,FALSE,94214540-57ab-473f-b80b-780ae37532a1,active,"{""name"": ""Operation Manager (Head Office) 1"", ""role"": ""operation_manager"", ""email"": ""optmgr_ygn_001@britiumventures.com"", ""account"": ""optmgr_ygn_001"", ""full_name"": ""Operation Manager (Head Office) 1"", ""role_label"": ""Operation Manager"", ""branch_code"": ""YGN"", ""display_name"": ""Operation Manager (Head Office) 1"", ""go_live_seed"": true, ""login_domain"": ""britiumventures.com"", ""role_aliases"": [""operation_manager"", ""operations_manager"", ""ops_manager""], ""workforce_type"": null, ""force_password_change"": false}",2026-05-16 00:08:23.240286+00,2026-05-21 06:15:05.313556+00,[],Daw Aye Pwint Phyu,Operation,,,,,EMP001,,,
b2e5898c-8523-4831-a774-0e7de13ba445,sup_ygn_001,sup_ygn_001@britiumventures.com,Yangon Supervisor 1,Operation Supervisor,operations_supervisor,"[""operations_supervisor"",""supervisor""]",YGN,Operation Supervisor,FALSE,a8242ecb-42d6-4c3d-b5a5-4773ccdc35bc,active,"{""name"": ""Yangon Supervisor 1"", ""role"": ""operations_supervisor"", ""email"": ""sup_ygn_001@britiumventures.com"", ""account"": ""sup_ygn_001"", ""full_name"": ""Yangon Supervisor 1"", ""role_label"": ""Operation Supervisor"", ""branch_code"": ""YGN"", ""display_name"": ""Yangon Supervisor 1"", ""go_live_seed"": true, ""login_domain"": ""britiumventures.com"", ""role_aliases"": [""operations_supervisor"", ""supervisor""], ""workforce_type"": null, ""force_password_change"": false}",2026-05-16 00:08:24.77132+00,2026-05-21 06:15:05.313556+00,[],U Nay Soe,Operation,,,,,EMP002,,,
a781fe3f-5da8-40f3-b406-e002506ac1cd,warehouse_ygn_002,warehouse_ygn_002@britiumventures.com,Yangon Warehouse Controller 2,Warehouse Controller,warehouse,"[""warehouse"",""warehouse_supervisor"",""warehouse_controller""]",YGN,Warehouse Controller,FALSE,a075b53d-4fd5-46c2-acfb-b2632f9e626e,active,"{""name"": ""Yangon Warehouse Controller 2"", ""role"": ""warehouse"", ""email"": ""warehouse_ygn_002@britiumventures.com"", ""account"": ""warehouse_ygn_002"", ""full_name"": ""Yangon Warehouse Controller 2"", ""role_label"": ""Warehouse Controller"", ""branch_code"": ""YGN"", ""display_name"": ""Yangon Warehouse Controller 2"", ""go_live_seed"": true, ""login_domain"": ""britiumventures.com"", ""role_aliases"": [""warehouse"", ""warehouse_supervisor"", ""warehouse_controller""], ""workforce_type"": null, ""force_password_change"": false}",2026-05-16 00:08:30.9201+00,2026-05-21 06:15:05.313556+00,[],U Shine Wai Yan,Operation,,,,,EMP003,,,
cbc09df2-2c1e-4a0c-9b5b-c96563308bcb,warehouse_ygn_003,warehouse_ygn_003@britiumventures.com,Yangon Warehouse Controller 3,Warehouse Controller,warehouse,"[""warehouse"",""warehouse_supervisor"",""warehouse_controller""]",YGN,Warehouse Controller,FALSE,4b1218fd-7f3c-4fc3-a0cf-01cf2cafb36e,active,"{""name"": ""Yangon Warehouse Controller 3"", ""role"": ""warehouse"", ""email"": ""warehouse_ygn_003@britiumventures.com"", ""account"": ""warehouse_ygn_003"", ""full_name"": ""Yangon Warehouse Controller 3"", ""role_label"": ""Warehouse Controller"", ""branch_code"": ""YGN"", ""display_name"": ""Yangon Warehouse Controller 3"", ""go_live_seed"": true, ""login_domain"": ""britiumventures.com"", ""role_aliases"": [""warehouse"", ""warehouse_supervisor"", ""warehouse_controller""], ""workforce_type"": null, ""force_password_change"": false}",2026-05-16 00:08:31.433732+00,2026-05-21 06:15:05.313556+00,[],U Paing Zay Htut,Operation,,,,,EMP004,,,
174fda32-c514-489c-a570-43c11a99b240,bdmgr_ygn_001,bdmgr_ygn_001@britiumventures.com,Yangon Business Development Manager,Business Development Manager,business_development_manager,"[""business_development_manager"",""bd_manager""]",YGN,Business Development Manager,FALSE,f9995f91-1e8a-48ba-a349-8cfce03a5ee8,active,"{""name"": ""Yangon Business Development Manager"", ""role"": ""business_development_manager"", ""email"": ""bdmgr_ygn_001@britiumventures.com"", ""account"": ""bdmgr_ygn_001"", ""full_name"": ""Yangon Business Development Manager"", ""role_label"": ""Business Development Manager"", ""branch_code"": ""YGN"", ""display_name"": ""Yangon Business Development Manager"", ""go_live_seed"": true, ""login_domain"": ""britiumventures.com"", ""role_aliases"": [""business_development_manager"", ""bd_manager""], ""workforce_type"": null, ""force_password_change"": false}",2026-05-16 00:08:59.684311+00,2026-05-21 06:15:05.313556+00,[],U Myo Kyaw Kyaw,Business Development,,,,,BV00024,,,
1db6c9d9-3d7f-4730-a376-5fa4ed87a7d9,mkt_ygn_0002,mkt_ygn_0002@britiumventures.com,Yangon Marketing 2,Marketer,marketing_user,"[""marketing_user"",""marketer""]",YGN,Marketer,FALSE,62199e67-4776-4a86-8dce-e4d3f4769fe0,active,"{""name"": ""Yangon Marketing 2"", ""role"": ""marketing_user"", ""email"": ""mkt_ygn_0002@britiumventures.com"", ""account"": ""mkt_ygn_0002"", ""full_name"": ""Yangon Marketing 2"", ""role_label"": ""Marketer"", ""branch_code"": ""YGN"", ""display_name"": ""Yangon Marketing 2"", ""go_live_seed"": true, ""login_domain"": ""britiumventures.com"", ""role_aliases"": [""marketing_user"", ""marketer""], ""workforce_type"": null, ""force_password_change"": false}",2026-05-16 00:08:13.570776+00,2026-05-21 06:15:05.313556+00,[],U Kaung Htet Kyaw,Business Development,,,,,BV00046,,,
efbfd05a-f27f-43e5-a626-86131e60b46a,mkt_ygn_0001,mkt_ygn_0001@britiumventures.com,Yangon Marketing 1,Marketer,marketing_user,"[""marketing_user"",""marketer""]",YGN,Marketer,FALSE,09c7cae5-e17c-4c41-ac81-c619407826bf,active,"{""name"": ""Yangon Marketing 1"", ""role"": ""marketing_user"", ""email"": ""mkt_ygn_0001@britiumventures.com"", ""account"": ""mkt_ygn_0001"", ""full_name"": ""Yangon Marketing 1"", ""role_label"": ""Marketer"", ""branch_code"": ""YGN"", ""display_name"": ""Yangon Marketing 1"", ""go_live_seed"": true, ""login_domain"": ""britiumventures.com"", ""role_aliases"": [""marketing_user"", ""marketer""], ""workforce_type"": null, ""force_password_change"": false}",2026-05-16 00:08:13.060021+00,2026-05-21 06:15:05.313556+00,[],Daw Aye Chan Myat Noe Khin,Business Development,,,,,BV00034,,,
ed778b74-db6a-49c8-a380-6f94bdcc2395,cs_ygn_0001,cs_ygn_0001@britiumventures.com,Yangon Customer Service 1,Customer Service,customer_service,"[""customer_service"",""cs""]",YGN,Customer Service,FALSE,cafbc42d-0427-49f9-9f21-f3abc37be20a,active,"{""name"": ""Yangon Customer Service 1"", ""role"": ""customer_service"", ""email"": ""cs_ygn_0001@britiumventures.com"", ""account"": ""cs_ygn_0001"", ""full_name"": ""Yangon Customer Service 1"", ""role_label"": ""Customer Service"", ""branch_code"": ""YGN"", ""display_name"": ""Yangon Customer Service 1"", ""go_live_seed"": true, ""login_domain"": ""britiumventures.com"", ""role_aliases"": [""customer_service"", ""cs""], ""workforce_type"": null, ""force_password_change"": false}",2026-05-16 00:08:02.882358+00,2026-05-21 06:15:05.313556+00,[],Daw Hsu Thin Zar Aung,Business Development,,,,,BV00059,,,
21876f13-0c04-4dd4-a25c-2f9a87b50c4f,finance_ygn_001,finance_ygn_001@britiumventures.com,Yangon Finance 1,Finance Manager,finance,"[""finance"",""finance_user"",""finance_manager""]",YGN,Finance Manager,FALSE,e6afe7b1-0c85-4957-bbea-0c89c416bb1c,active,"{""name"": ""Yangon Finance 1"", ""role"": ""finance"", ""email"": ""finance_ygn_001@britiumventures.com"", ""account"": ""finance_ygn_001"", ""full_name"": ""Yangon Finance 1"", ""role_label"": ""Finance Manager"", ""branch_code"": ""YGN"", ""display_name"": ""Yangon Finance 1"", ""go_live_seed"": true, ""login_domain"": ""britiumventures.com"", ""role_aliases"": [""finance"", ""finance_user"", ""finance_manager""], ""workforce_type"": null, ""force_password_change"": false}",2026-05-16 00:08:51.352384+00,2026-05-21 06:15:05.313556+00,[],Daw Moe Moe Khaing,Finance,,,,,BV00008,,,
4c8f33d8-e979-4e35-b308-ebaa51d4646c,finance_ygn_002,finance_ygn_002@britiumventures.com,Yangon Finance 2,Finance User,finance,"[""finance"",""finance_user"",""finance_manager""]",YGN,Finance User,FALSE,05d854c1-b4f1-4602-ab10-b6368b2a7b4f,active,"{""name"": ""Yangon Finance 2"", ""role"": ""finance"", ""email"": ""finance_ygn_002@britiumventures.com"", ""account"": ""finance_ygn_002"", ""full_name"": ""Yangon Finance 2"", ""role_label"": ""Finance User"", ""branch_code"": ""YGN"", ""display_name"": ""Yangon Finance 2"", ""go_live_seed"": true, ""login_domain"": ""britiumventures.com"", ""role_aliases"": [""finance"", ""finance_user"", ""finance_manager""], ""workforce_type"": null, ""force_password_change"": false}",2026-05-16 00:08:52.082545+00,2026-05-21 06:15:05.313556+00,[],Daw Shwe Poe Eain,Finance,,,,,BV00033,,,
3e9551f3-ac57-447f-8288-cfdf79286e80,finance_ygn_003,finance_ygn_003@britiumventures.com,Yangon Finance 3,Finance User,finance,"[""finance"",""finance_user"",""finance_manager""]",YGN,Finance User,FALSE,1ac28b1a-2feb-4a3e-96f1-8e34ee15d757,active,"{""name"": ""Yangon Finance 3"", ""role"": ""finance"", ""email"": ""finance_ygn_003@britiumventures.com"", ""account"": ""finance_ygn_003"", ""full_name"": ""Yangon Finance 3"", ""role_label"": ""Finance User"", ""branch_code"": ""YGN"", ""display_name"": ""Yangon Finance 3"", ""go_live_seed"": true, ""login_domain"": ""britiumventures.com"", ""role_aliases"": [""finance"", ""finance_user"", ""finance_manager""], ""workforce_type"": null, ""force_password_change"": false}",2026-05-16 00:08:52.589556+00,2026-05-21 06:15:05.313556+00,[],Daw Phyo Pyae Pyae Win,Finance,,,,,BV00091,,,
eff21ffe-3cb4-4992-b1c8-e30ed2556ce4,finance_ygn_004,finance_ygn_004@britiumventures.com,Yangon Finance 4,Finance User,finance,"[""finance"",""finance_user"",""finance_manager""]",YGN,Finance User,FALSE,cffafc76-2182-46c6-9cdf-be25c3164465,active,"{""name"": ""Yangon Finance 4"", ""role"": ""finance"", ""email"": ""finance_ygn_004@britiumventures.com"", ""account"": ""finance_ygn_004"", ""full_name"": ""Yangon Finance 4"", ""role_label"": ""Finance User"", ""branch_code"": ""YGN"", ""display_name"": ""Yangon Finance 4"", ""go_live_seed"": true, ""login_domain"": ""britiumventures.com"", ""role_aliases"": [""finance"", ""finance_user"", ""finance_manager""], ""workforce_type"": null, ""force_password_change"": false}",2026-05-16 00:08:53.095622+00,2026-05-21 06:15:05.313556+00,[],Daw Kaung Zar Zar Oo,Finance,,,,,BV00071,,,
7ca19388-eb99-4b6b-b505-aa71ac31b5b7,finance_ygn_005,finance_ygn_005@britiumventures.com,Yangon Finance 5,Finance User,finance,"[""finance"",""finance_user"",""finance_manager""]",YGN,Finance User,FALSE,4b6dc661-e7cc-4360-89ec-699187e69d0b,active,"{""name"": ""Yangon Finance 5"", ""role"": ""finance"", ""email"": ""finance_ygn_005@britiumventures.com"", ""account"": ""finance_ygn_005"", ""full_name"": ""Yangon Finance 5"", ""role_label"": ""Finance User"", ""branch_code"": ""YGN"", ""display_name"": ""Yangon Finance 5"", ""go_live_seed"": true, ""login_domain"": ""britiumventures.com"", ""role_aliases"": [""finance"", ""finance_user"", ""finance_manager""], ""workforce_type"": null, ""force_password_change"": false}",2026-05-16 00:08:53.599049+00,2026-05-21 06:15:05.313556+00,[],Daw Eaint Chit Chit Han,Finance,,,,,BV00108,,,
ed778b74-db6a-49c8-a380-6f94bdcc2395,cs_ygn_0001,cs_ygn_0001@britiumventures.com,Yangon Customer Service 1,Customer Service,customer_service,"[""customer_service"",""cs""]",YGN,Customer Service,FALSE,cafbc42d-0427-49f9-9f21-f3abc37be20a,active,"{""name"": ""Yangon Customer Service 1"", ""role"": ""customer_service"", ""email"": ""cs_ygn_0001@britiumventures.com"", ""account"": ""cs_ygn_0001"", ""full_name"": ""Yangon Customer Service 1"", ""role_label"": ""Customer Service"", ""branch_code"": ""YGN"", ""display_name"": ""Yangon Customer Service 1"", ""go_live_seed"": true, ""login_domain"": ""britiumventures.com"", ""role_aliases"": [""customer_service"", ""cs""], ""workforce_type"": null, ""force_password_change"": false}",2026-05-16 00:08:02.882358+00,2026-05-21 06:15:05.313556+00,[],Daw Aye Htet Khaing,Business Development,,,,,BV00112,,,
a386249d-8e19-4f98-9f55-f054da56997c,de_ygn_001,de_ygn_001@britiumventures.com,Data Entry Yangon 1,Data Entry,data_entry,"[""data_entry""]",YGN,Data Entry,FALSE,fca66de0-f946-4772-b35c-b4152da37123,active,"{""name"": ""Data Entry Yangon 1"", ""role"": ""data_entry"", ""email"": ""de_ygn_001@britiumventures.com"", ""account"": ""de_ygn_001"", ""full_name"": ""Data Entry Yangon 1"", ""role_label"": ""Data Entry"", ""branch_code"": ""YGN"", ""display_name"": ""Data Entry Yangon 1"", ""go_live_seed"": true, ""login_domain"": ""britiumventures.com"", ""role_aliases"": [""data_entry""], ""workforce_type"": null, ""force_password_change"": false}",2026-05-16 00:08:40.623348+00,2026-05-21 06:15:05.313556+00,[],U Hlaine Htet,Business Development,,,,,BV00060,,,
c65258d9-039a-48fd-a879-191ce2076848,mkt_ygn_0003,mkt_ygn_0003@britiumventures.com,Yangon Marketing 3,Marketer,marketing_user,"[""marketing_user"",""marketer""]",YGN,Marketer,FALSE,be3c9ef6-3d3d-4218-a6c9-b8843276db76,active,"{""name"": ""Yangon Marketing 3"", ""role"": ""marketing_user"", ""email"": ""mkt_ygn_0003@britiumventures.com"", ""account"": ""mkt_ygn_0003"", ""full_name"": ""Yangon Marketing 3"", ""role_label"": ""Marketer"", ""branch_code"": ""YGN"", ""display_name"": ""Yangon Marketing 3"", ""go_live_seed"": true, ""login_domain"": ""britiumventures.com"", ""role_aliases"": [""marketing_user"", ""marketer""], ""workforce_type"": null, ""force_password_change"": false}",2026-05-16 00:08:14.075469+00,2026-05-21 06:15:05.313556+00,[],U Ju Ko San,Business Development,,,,,BV00058,,,
55c8378e-dcd4-4c18-8fe6-288c4bf51065,adminhr_ygn_001,adminhr_ygn_001@britiumventures.com,Yangon Admin Hr 1,Admin-HR,admin_hr,"[""admin_hr"",""admin""]",YGN,Admin-HR,FALSE,42a890be-1796-41c3-8571-23aabee78bc6,active,"{""name"": ""Yangon Admin Hr 1"", ""role"": ""admin_hr"", ""email"": ""adminhr_ygn_001@britiumventures.com"", ""account"": ""adminhr_ygn_001"", ""full_name"": ""Yangon Admin Hr 1"", ""role_label"": ""Admin-HR"", ""branch_code"": ""YGN"", ""display_name"": ""Yangon Admin Hr 1"", ""go_live_seed"": true, ""login_domain"": ""britiumventures.com"", ""role_aliases"": [""admin_hr"", ""admin""], ""workforce_type"": null, ""force_password_change"": false}",2026-05-16 00:08:50.845587+00,2026-05-21 06:15:05.313556+00,[],U Aye Chan Naung,Admin HR Department,,,,,BV00032,,,
61f94c8a-0d27-4d48-9550-cc85274ece6a,rider_ygn_0001,rider_ygn_0001@britiumventures.com,Yangon Rider 1,Rider,rider,"[""rider""]",YGN,Rider,FALSE,c9ddcbb1-08e5-45a1-8e86-4a8a2ee50c0f,active,"{""name"": ""Yangon Rider 1"", ""role"": ""rider"", ""email"": ""rider_ygn_0001@britiumventures.com"", ""account"": ""rider_ygn_0001"", ""full_name"": ""Yangon Rider 1"", ""role_label"": ""Rider"", ""branch_code"": ""YGN"", ""display_name"": ""Yangon Rider 1"", ""go_live_seed"": true, ""login_domain"": ""britiumventures.com"", ""role_aliases"": [""rider""], ""workforce_type"": ""rider"", ""force_password_change"": false}",2026-05-16 00:07:16.848876+00,2026-05-21 06:15:05.313556+00,[],Ko Kyaw Zin Khant,Operation,,,,,RID001,,,
28b20764-372c-480f-a0fa-33c146c13199,rider_ygn_0002,rider_ygn_0002@britiumventures.com,Yangon Rider 2,Rider,rider,"[""rider""]",YGN,Rider,FALSE,e1225de8-2782-4e74-ac85-38f6fb5a3486,active,"{""name"": ""Yangon Rider 2"", ""role"": ""rider"", ""email"": ""rider_ygn_0002@britiumventures.com"", ""account"": ""rider_ygn_0002"", ""full_name"": ""Yangon Rider 2"", ""role_label"": ""Rider"", ""branch_code"": ""YGN"", ""display_name"": ""Yangon Rider 2"", ""go_live_seed"": true, ""login_domain"": ""britiumventures.com"", ""role_aliases"": [""rider""], ""workforce_type"": ""rider"", ""force_password_change"": false}",2026-05-16 00:07:17.534406+00,2026-05-21 06:15:05.313556+00,[],Ko Chit Yin Htoo,Operation,,,,,RID002,,,
68ddd43c-e4fd-40c8-845c-17248efb2ce3,rider_ygn_0003,rider_ygn_0003@britiumventures.com,Yangon Rider 3,Rider,rider,"[""rider""]",YGN,Rider,FALSE,4bb9e0e5-5c20-48a6-bed0-0e8caa9566b4,active,"{""name"": ""Yangon Rider 3"", ""role"": ""rider"", ""email"": ""rider_ygn_0003@britiumventures.com"", ""account"": ""rider_ygn_0003"", ""full_name"": ""Yangon Rider 3"", ""role_label"": ""Rider"", ""branch_code"": ""YGN"", ""display_name"": ""Yangon Rider 3"", ""go_live_seed"": true, ""login_domain"": ""britiumventures.com"", ""role_aliases"": [""rider""], ""workforce_type"": ""rider"", ""force_password_change"": false}",2026-05-16 00:07:18.199869+00,2026-05-21 06:15:05.313556+00,[],Ko Wai Lin Phyo,Operation,,,,,RID003,,,
1b544ee8-bcd0-44bf-bbcf-553b9141bc3f,rider_ygn_0004,rider_ygn_0004@britiumventures.com,Yangon Rider 4,Rider,rider,"[""rider""]",YGN,Rider,FALSE,1b655b71-5bbc-44db-b27b-fd4702137bbb,active,"{""name"": ""Yangon Rider 4"", ""role"": ""rider"", ""email"": ""rider_ygn_0004@britiumventures.com"", ""account"": ""rider_ygn_0004"", ""full_name"": ""Yangon Rider 4"", ""role_label"": ""Rider"", ""branch_code"": ""YGN"", ""display_name"": ""Yangon Rider 4"", ""go_live_seed"": true, ""login_domain"": ""britiumventures.com"", ""role_aliases"": [""rider""], ""workforce_type"": ""rider"", ""force_password_change"": false}",2026-05-16 00:07:18.851874+00,2026-05-21 06:15:05.313556+00,[],Ko Aye Chan Soe,Operation,,,,,RID004,,,
386ea430-ebf3-4d51-b076-777b9fda8df4,rider_ygn_0005,rider_ygn_0005@britiumventures.com,Yangon Rider 5,Rider,rider,"[""rider""]",YGN,Rider,FALSE,7bb9d522-3856-4784-9e6c-e8ee87fc0849,active,"{""name"": ""Yangon Rider 5"", ""role"": ""rider"", ""email"": ""rider_ygn_0005@britiumventures.com"", ""account"": ""rider_ygn_0005"", ""full_name"": ""Yangon Rider 5"", ""role_label"": ""Rider"", ""branch_code"": ""YGN"", ""display_name"": ""Yangon Rider 5"", ""go_live_seed"": true, ""login_domain"": ""britiumventures.com"", ""role_aliases"": [""rider""], ""workforce_type"": ""rider"", ""force_password_change"": false}",2026-05-16 00:07:19.512358+00,2026-05-21 06:15:05.313556+00,[],Ma Myo Pa Pa Aung,Operation,,,,,RID005,,,
59ab85ad-0995-452b-90c0-ba1340c6baa2,rider_ygn_0006,rider_ygn_0006@britiumventures.com,Yangon Rider 6,Rider,rider,"[""rider""]",YGN,Rider,FALSE,d8366590-3efe-402c-a42a-2e1f5a52cef2,active,"{""name"": ""Yangon Rider 6"", ""role"": ""rider"", ""email"": ""rider_ygn_0006@britiumventures.com"", ""account"": ""rider_ygn_0006"", ""full_name"": ""Yangon Rider 6"", ""role_label"": ""Rider"", ""branch_code"": ""YGN"", ""display_name"": ""Yangon Rider 6"", ""go_live_seed"": true, ""login_domain"": ""britiumventures.com"", ""role_aliases"": [""rider""], ""workforce_type"": ""rider"", ""force_password_change"": false}",2026-05-16 00:07:20.179756+00,2026-05-21 06:15:05.313556+00,[],Ko Myo Min Kyaw,Operation,,,,,RID006,,,
7ccd48cc-9111-4bcb-8320-874e7ea9c4e7,rider_ygn_0007,rider_ygn_0007@britiumventures.com,Yangon Rider 7,Rider,rider,"[""rider""]",YGN,Rider,FALSE,9b17ce17-2c20-4414-9d47-1ae055a29a9d,active,"{""name"": ""Yangon Rider 7"", ""role"": ""rider"", ""email"": ""rider_ygn_0007@britiumventures.com"", ""account"": ""rider_ygn_0007"", ""full_name"": ""Yangon Rider 7"", ""role_label"": ""Rider"", ""branch_code"": ""YGN"", ""display_name"": ""Yangon Rider 7"", ""go_live_seed"": true, ""login_domain"": ""britiumventures.com"", ""role_aliases"": [""rider""], ""workforce_type"": ""rider"", ""force_password_change"": false}",2026-05-16 00:07:20.827049+00,2026-05-21 06:15:05.313556+00,[],Ko Than Naing Min,Operation,,,,,RID007,,,
14c6620c-dfc6-48d5-add2-69d536903495,rider_ygn_0008,rider_ygn_0008@britiumventures.com,Yangon Rider 8,Rider,rider,"[""rider""]",YGN,Rider,FALSE,844c2352-5a4d-4ec7-8884-5c020f61326b,active,"{""name"": ""Yangon Rider 8"", ""role"": ""rider"", ""email"": ""rider_ygn_0008@britiumventures.com"", ""account"": ""rider_ygn_0008"", ""full_name"": ""Yangon Rider 8"", ""role_label"": ""Rider"", ""branch_code"": ""YGN"", ""display_name"": ""Yangon Rider 8"", ""go_live_seed"": true, ""login_domain"": ""britiumventures.com"", ""role_aliases"": [""rider""], ""workforce_type"": ""rider"", ""force_password_change"": false}",2026-05-16 00:07:21.485333+00,2026-05-21 06:15:05.313556+00,[],Ko Sa Lin Phyo,Operation,,,,,RID008,,,
19be498a-cca7-4dc3-a468-1a17d85e27af,rider_ygn_0009,rider_ygn_0009@britiumventures.com,Yangon Rider 9,Rider,rider,"[""rider""]",YGN,Rider,FALSE,7fa1f514-d96a-460f-ab70-b06e6bdb08fb,active,"{""name"": ""Yangon Rider 9"", ""role"": ""rider"", ""email"": ""rider_ygn_0009@britiumventures.com"", ""account"": ""rider_ygn_0009"", ""full_name"": ""Yangon Rider 9"", ""role_label"": ""Rider"", ""branch_code"": ""YGN"", ""display_name"": ""Yangon Rider 9"", ""go_live_seed"": true, ""login_domain"": ""britiumventures.com"", ""role_aliases"": [""rider""], ""workforce_type"": ""rider"", ""force_password_change"": false}",2026-05-16 00:07:22.135942+00,2026-05-21 06:15:05.313556+00,[],Ko Wai Phyo Lwin,Operation,,,,,RID009,,,
9103887a-0dc8-41e9-a4ba-632aead5aae4,driver_ygn_0001,driver_ygn_0001@britiumventures.com,Yangon driver 1,Driver,driver,"[""driver""]",YGN,Driver,FALSE,8c36f9c6-6ec4-4f7e-b552-74d6d60370b1,active,"{""name"": ""Yangon driver 1"", ""role"": ""driver"", ""email"": ""driver_ygn_0001@britiumventures.com"", ""account"": ""driver_ygn_0001"", ""full_name"": ""Yangon driver 1"", ""role_label"": ""Driver"", ""branch_code"": ""YGN"", ""display_name"": ""Yangon driver 1"", ""go_live_seed"": true, ""login_domain"": ""britiumventures.com"", ""role_aliases"": [""driver""], ""workforce_type"": ""driver"", ""force_password_change"": false}",2026-05-16 00:07:36.74709+00,2026-05-21 06:15:05.313556+00,[],Ko Tun Min Aung,Operation,,,,,DRV001,,,
583e5aad-f7c3-4bc9-9dee-fe8144476714,driver_ygn_0002,driver_ygn_0002@britiumventures.com,Yangon driver 2,Driver,driver,"[""driver""]",YGN,Driver,FALSE,597a43bc-0ae7-42f7-896c-4866533a4217,active,"{""name"": ""Yangon driver 2"", ""role"": ""driver"", ""email"": ""driver_ygn_0002@britiumventures.com"", ""account"": ""driver_ygn_0002"", ""full_name"": ""Yangon driver 2"", ""role_label"": ""Driver"", ""branch_code"": ""YGN"", ""display_name"": ""Yangon driver 2"", ""go_live_seed"": true, ""login_domain"": ""britiumventures.com"", ""role_aliases"": [""driver""], ""workforce_type"": ""driver"", ""force_password_change"": false}",2026-05-16 00:07:37.413021+00,2026-05-21 06:15:05.313556+00,[],Aung Zaw Moe ,Operation,,,,,DRV002,,,
603b9e21-6cf6-46f0-b40d-b768318f79a0,driver_ygn_0003,driver_ygn_0003@britiumventures.com,Yangon driver 3,Driver,driver,"[""driver""]",YGN,Driver,FALSE,2dacca51-5301-43fc-83a0-e9c3c771440e,active,"{""name"": ""Yangon driver 3"", ""role"": ""driver"", ""email"": ""driver_ygn_0003@britiumventures.com"", ""account"": ""driver_ygn_0003"", ""full_name"": ""Yangon driver 3"", ""role_label"": ""Driver"", ""branch_code"": ""YGN"", ""display_name"": ""Yangon driver 3"", ""go_live_seed"": true, ""login_domain"": ""britiumventures.com"", ""role_aliases"": [""driver""], ""workforce_type"": ""driver"", ""force_password_change"": false}",2026-05-16 00:07:38.057967+00,2026-05-21 06:15:05.313556+00,[],Ko Wai Yan Phyo ,Operation,,,,,DRV003,,,
f7bd615a-ac11-417f-b734-0ca7fde06f1e,driver_ygn_0004,driver_ygn_0004@britiumventures.com,Yangon driver 4,Driver,driver,"[""driver""]",YGN,Driver,FALSE,3c6b2219-c52d-49cd-af38-5a367f0c9b56,active,"{""name"": ""Yangon driver 4"", ""role"": ""driver"", ""email"": ""driver_ygn_0004@britiumventures.com"", ""account"": ""driver_ygn_0004"", ""full_name"": ""Yangon driver 4"", ""role_label"": ""Driver"", ""branch_code"": ""YGN"", ""display_name"": ""Yangon driver 4"", ""go_live_seed"": true, ""login_domain"": ""britiumventures.com"", ""role_aliases"": [""driver""], ""workforce_type"": ""driver"", ""force_password_change"": false}",2026-05-16 00:07:38.710279+00,2026-05-21 06:15:05.313556+00,[],Ko Kyaw Myo Aung ,Operation,,,,,DRV004,,,
1357ff5d-1cb4-4a06-af83-f4452446c45b,driver_ygn_0005,driver_ygn_0005@britiumventures.com,Yangon driver 5,Driver,driver,"[""driver""]",YGN,Driver,FALSE,63171f0b-7315-4b0c-8e35-20fbdc367e42,active,"{""name"": ""Yangon driver 5"", ""role"": ""driver"", ""email"": ""driver_ygn_0005@britiumventures.com"", ""account"": ""driver_ygn_0005"", ""full_name"": ""Yangon driver 5"", ""role_label"": ""Driver"", ""branch_code"": ""YGN"", ""display_name"": ""Yangon driver 5"", ""go_live_seed"": true, ""login_domain"": ""britiumventures.com"", ""role_aliases"": [""driver""], ""workforce_type"": ""driver"", ""force_password_change"": false}",2026-05-16 00:07:39.36458+00,2026-05-21 06:15:05.313556+00,[],Ko Win Naing Tun,Operation,,,,,DRV005,,,
270361b9-e2db-415d-9c3a-3b9bb9e8e256,driver_ygn_0006,driver_ygn_0006@britiumventures.com,Yangon driver 6,Driver,driver,"[""driver""]",YGN,Driver,FALSE,b535fa20-c53c-41f5-89bd-b6d62e7d3750,active,"{""name"": ""Yangon driver 6"", ""role"": ""driver"", ""email"": ""driver_ygn_0006@britiumventures.com"", ""account"": ""driver_ygn_0006"", ""full_name"": ""Yangon driver 6"", ""role_label"": ""Driver"", ""branch_code"": ""YGN"", ""display_name"": ""Yangon driver 6"", ""go_live_seed"": true, ""login_domain"": ""britiumventures.com"", ""role_aliases"": [""driver""], ""workforce_type"": ""driver"", ""force_password_change"": false}",2026-05-16 00:07:40.008323+00,2026-05-21 06:15:05.313556+00,[],U Moe Sat Zin Htun,Operation,,,,,DRV006,,,
0dda34ee-61e4-4214-bc33-40e03b6ed6eb,helper_ygn_0001,helper_ygn_0001@britiumventures.com,Yangon Helper 1,Helper,helper,"[""helper""]",YGN,Helper,FALSE,e343b4ef-29ec-4d90-96eb-84942922f414,active,"{""name"": ""Yangon Helper 1"", ""role"": ""helper"", ""email"": ""helper_ygn_0001@britiumventures.com"", ""account"": ""helper_ygn_0001"", ""full_name"": ""Yangon Helper 1"", ""role_label"": ""Helper"", ""branch_code"": ""YGN"", ""display_name"": ""Yangon Helper 1"", ""go_live_seed"": true, ""login_domain"": ""britiumventures.com"", ""role_aliases"": [""helper""], ""workforce_type"": ""helper"", ""force_password_change"": false}",2026-05-16 00:07:49.796239+00,2026-05-21 06:15:05.313556+00,[],U Pyae Phyo Kyaw ,Operation,,,,,HLP001,,,
239a2790-19ae-42c6-b11e-6cc4027a58e5,helper_ygn_0002,helper_ygn_0002@britiumventures.com,Yangon Helper 2,Helper,helper,"[""helper""]",YGN,Helper,FALSE,7a54be52-2a9f-44ff-9b23-5ae93f98e5ae,active,"{""name"": ""Yangon Helper 2"", ""role"": ""helper"", ""email"": ""helper_ygn_0002@britiumventures.com"", ""account"": ""helper_ygn_0002"", ""full_name"": ""Yangon Helper 2"", ""role_label"": ""Helper"", ""branch_code"": ""YGN"", ""display_name"": ""Yangon Helper 2"", ""go_live_seed"": true, ""login_domain"": ""britiumventures.com"", ""role_aliases"": [""helper""], ""workforce_type"": ""helper"", ""force_password_change"": false}",2026-05-16 00:07:50.440338+00,2026-05-21 06:15:05.313556+00,[],U Htut Khaung Win,Operation,,,,,HLP002,,,
a2c06aa8-4478-4d36-a654-062127e06811,helper_ygn_0003,helper_ygn_0003@britiumventures.com,Yangon Helper 3,Helper,helper,"[""helper""]",YGN,Helper,FALSE,36c6d48a-0746-4abb-a38f-d6d1dad10e9a,active,"{""name"": ""Yangon Helper 3"", ""role"": ""helper"", ""email"": ""helper_ygn_0003@britiumventures.com"", ""account"": ""helper_ygn_0003"", ""full_name"": ""Yangon Helper 3"", ""role_label"": ""Helper"", ""branch_code"": ""YGN"", ""display_name"": ""Yangon Helper 3"", ""go_live_seed"": true, ""login_domain"": ""britiumventures.com"", ""role_aliases"": [""helper""], ""workforce_type"": ""helper"", ""force_password_change"": false}",2026-05-16 00:07:51.088972+00,2026-05-21 06:15:05.313556+00,[],U John Toe Lwin,Operation,,,,,HLP003,,,
d8a721e4-f6ac-4971-9768-8282f11174ba,helper_ygn_0004,helper_ygn_0004@britiumventures.com,Yangon Helper 4,Helper,helper,"[""helper""]",YGN,Helper,FALSE,f356aad5-cb3d-4503-b2fc-8415632cb585,active,"{""name"": ""Yangon Helper 4"", ""role"": ""helper"", ""email"": ""helper_ygn_0004@britiumventures.com"", ""account"": ""helper_ygn_0004"", ""full_name"": ""Yangon Helper 4"", ""role_label"": ""Helper"", ""branch_code"": ""YGN"", ""display_name"": ""Yangon Helper 4"", ""go_live_seed"": true, ""login_domain"": ""britiumventures.com"", ""role_aliases"": [""helper""], ""workforce_type"": ""helper"", ""force_password_change"": false}",2026-05-16 00:07:51.741156+00,2026-05-21 06:15:05.313556+00,[],U Zaw Thet Paing,Operation,,,,,HLP004,,,
e3930870-4b86-4bff-8e5a-9bd780bc6016,md@britiumexpress.com,md@britiumexpress.com,Managing Director,Super Admin,superadmin,[],YGN,Super Admin,FALSE,d860b2d7-c049-4b09-9a89-59eabfd8c29f,active,{},2026-05-21 06:15:53.766237+00,2026-05-23 23:52:07.804053+00,[],U Kyaw Wanna,Owner,,,,,BV00001,,,
b6e117c8-29a9-431b-a5b0-606e5aaf4917,sai@britiumexpress.com,sai@britiumexpress.com,Sai (Super Admin),Super Admin,superadmin,[],YGN,Super Admin,FALSE,95780372-8836-4abc-a277-8a32c7c969b6,active,{},2026-05-21 06:15:53.766237+00,2026-06-08 21:37:51.893545+00,[],U Sai Nyan Htun,Super Admin,,,,,BV00004,,,
,,,,,,,,,,,,,,,,,,,,,,,,,
,,,,,,,,,,,,,,,,,,,,,,,,,
,,,,,,,,,,,,,,,,,,,,,,,,,
,,,,,,,,,,,,,,,,,,,,,,,,,
,,,,,,,,,,,,,,,,,,,,,,,,,
,,,,,,,,,,,,,,,,,,,,,,,,,
,,,,,,,,,,,,,,,,,,,,,,,,,
,,,,,,,,,,,,,,,,,,,,,,,,,
,,,,,,,,,,,,,,,,,,,,,,,,,
,,,,,,,,,,,,,,,,,,,,,,,,,
,,,,,,,,,,,,,,,,,,,,,,,,,
,,,,,,,,,,,,,,,,,,,,,,,,,
,,,,,,,,,,,,,,,,,,,,,,,,,
,,,,,,,,,,,,,,,,,,,,,,,,,
,,,,,,,,,,,,,,,,,,,,,,,,,
,,,,,,,,,,,,,,,,,,,,,,,,,
,,,,,,,,,,,,,,,,,,,,,,,,,
,,,,,,,,,,,,,,,,,,,,,,,,,
,,,,,,,,,,,,,,,,,,,,,,,,,
,,,,,,,,,,,,,,,,,,,,,,,,,
,,,,,,,,,,,,,,,,,,,,,,,,,
,,,,,,,,,,,,,,,,,,,,,,,,,
,,,,,,,,,,,,,,,,,,,,,,,,,
,,,,,,,,,,,,,,,,,,,,,,,,,
,,,,,,,,,,,,,,,,,,,,,,,,,
,,,,,,,,,,,,,,,,,,,,,,,,,
,,,,,,,,,,,,,,,,,,,,,,,,,
,,,,,,,,,,,,,,,,,,,,,,,,,
,,,,,,,,,,,,,,,,,,,,,,,,,
,,,,,,,,,,,,,,,,,,,,,,,,,
,,,,,,,,,,,,,,,,,,,,,,,,,
,,,,,,,,,,,,,,,,,,,,,,,,,
,,,,,,,,,,,,,,,,,,,,,,,,,
,,,,,,,,,,,,,,,,,,,,,,,,,
,,,,,,,,,,,,,,,,,,,,,,,,,
,,,,,,,,,,,,,,,,,,,,,,,,,
,,,,,,,,,,,,,,,,,,,,,,,,,
,,,,,,,,,,,,,,,,,,,,,,,,,
,,,,,,,,,,,,,,,,,,,,,,,,,
,,,,,,,,,,,,,,,,,,,,,,,,,
,,,,,,,,,,,,,,,,,,,,,,,,,
,,,,,,,,,,,,,,,,,,,,,,,,,
,,,,,,,,,,,,,,,,,,,,,,,,,
,,,,,,,,,,,,,,,,,,,,,,,,,
,,,,,,,,,,,,,,,,,,,,,,,,,
,,,,,,,,,,,,,,,,,,,,,,,,,
,,,,,,,,,,,,,,,,,,,,,,,,,
,,,,,,,,,,,,,,,,,,,,,,,,,
,,,,,,,,,,,,,,,,,,,,,,,,,
,,,,,,,,,,,,,,,,,,,,,,,,,
,,,,,,,,,,,,,,,,,,,,,,,,,
,,,,,,,,,,,,,,,,,,,,,,,,,
,,,,,,,,,,,,,,,,,,,,,,,,,
,,,,,,,,,,,,,,,,,,,,,,,,,
,,,,,,,,,,,,,,,,,,,,,,,,,
,,,,,,,,,,,,,,,,,,,,,,,,,
,,,,,,,,,,,,,,,,,,,,,,,,,
,,,,,,,,,,,,,,,,,,,,,,,,,
,,,,,,,,,,,,,,,,,,,,,,,,,
,,,,,,,,,,,,,,,,,,,,,,,,,
,,,,,,,,,,,,,,,,,,,,,,,,,
,,,,,,,,,,,,,,,,,,,,,,,,,
,,,,,,,,,,,,,,,,,,,,,,,,,
,,,,,,,,,,,,,,,,,,,,,,,,,
,,,,,,,,,,,,,,,,,,,,,,,,,
,,,,,,,,,,,,,,,,,,,,,,,,,
,,,,,,,,,,,,,,,,,,,,,,,,,
,,,,,,,,,,,,,,,,,,,,,,,,,
,,,,,,,,,,,,,,,,,,,,,,,,,
,,,,,,,,,,,,,,,,,,,,,,,,,
,,,,,,,,,,,,,,,,,,,,,,,,,
,,,,,,,,,,,,,,,,,,,,,,,,,
,,,,,,,,,,,,,,,,,,,,,,,,,
,,,,,,,,,,,,,,,,,,,,,,,,,
,,,,,,,,,,,,,,,,,,,,,,,,,
,,,,,,,,,,,,,,,,,,,,,,,,,
,,,,,,,,,,,,,,,,,,,,,,,,,
,,,,,,,,,,,,,,,,,,,,,,,,,
,,,,,,,,,,,,,,,,,,,,,,,,,
,,,,,,,,,,,,,,,,,,,,,,,,,
,,,,,,,,,,,,,,,,,,,,,,,,,
,,,,,,,,,,,,,,,,,,,,,,,,,
,,,,,,,,,,,,,,,,,,,,,,,,,
,,,,,,,,,,,,,,,,,,,,,,,,,
,,,,,,,,,,,,,,,,,,,,,,,,,
,,,,,,,,,,,,,,,,,,,,,,,,,
,,,,,,,,,,,,,,,,,,,,,,,,,
,,,,,,,,,,,,,,,,,,,,,,,,,
,,,,,,,,,,,,,,,,,,,,,,,,,
,,,,,,,,,,,,,,,,,,,,,,,,,
,,,,,,,,,,,,,,,,,,,,,,,,,
,,,,,,,,,,,,,,,,,,,,,,,,,
,,,,,,,,,,,,,,,,,,,,,,,,,
,,,,,,,,,,,,,,,,,,,,,,,,,
,,,,,,,,,,,,,,,,,,,,,,,,,
,,,,,,,,,,,,,,,,,,,,,,,,,
,,,,,,,,,,,,,,,,,,,,,,,,,
,,,,,,,,,,,,,,,,,,,,,,,,,
,,,,,,,,,,,,,,,,,,,,,,,,,
,,,,,,,,,,,,,,,,,,,,,,,,,
,,,,,,,,,,,,,,,,,,,,,,,,,
,,,,,,,,,,,,,,,,,,,,,,,,,
,,,,,,,,,,,,,,,,,,,,,,,,,
,,,,,,,,,,,,,,,,,,,,,,,,,
,,,,,,,,,,,,,,,,,,,,,,,,,
,,,,,,,,,,,,,,,,,,,,,,,,,
,,,,,,,,,,,,,,,,,,,,,,,,,
,,,,,,,,,,,,,,,,,,,,,,,,,
,,,,,,,,,,,,,,,,,,,,,,,,,
,,,,,,,,,,,,,,,,,,,,,,,,,
,,,,,,,,,,,,,,,,,,,,,,,,,
,,,,,,,,,,,,,,,,,,,,,,,,,
,,,,,,,,,,,,,,,,,,,,,,,,,
,,,,,,,,,,,,,,,,,,,,,,,,,
,,,,,,,,,,,,,,,,,,,,,,,,,
,,,,,,,,,,,,,,,,,,,,,,,,,
,,,,,,,,,,,,,,,,,,,,,,,,,
,,,,,,,,,,,,,,,,,,,,,,,,,
,,,,,,,,,,,,,,,,,,,,,,,,,
,,,,,,,,,,,,,,,,,,,,,,,,,
,,,,,,,,,,,,,,,,,,,,,,,,,
,,,,,,,,,,,,,,,,,,,,,,,,,
,,,,,,,,,,,,,,,,,,,,,,,,,
,,,,,,,,,,,,,,,,,,,,,,,,,
,,,,,,,,,,,,,,,,,,,,,,,,,
,,,,,,,,,,,,,,,,,,,,,,,,,
,,,,,,,,,,,,,,,,,,,,,,,,,
,,,,,,,,,,,,,,,,,,,,,,,,,
,,,,,,,,,,,,,,,,,,,,,,,,,
,,,,,,,,,,,,,,,,,,,,,,,,,
,,,,,,,,,,,,,,,,,,,,,,,,,
,,,,,,,,,,,,,,,,,,,,,,,,,
,,,,,,,,,,,,,,,,,,,,,,,,,
,,,,,,,,,,,,,,,,,,,,,,,,,
,,,,,,,,,,,,,,,,,,,,,,,,,
,,,,,,,,,,,,,,,,,,,,,,,,,
,,,,,,,,,,,,,,,,,,,,,,,,,
,,,,,,,,,,,,,,,,,,,,,,,,,
,,,,,,,,,,,,,,,,,,,,,,,,,
,,,,,,,,,,,,,,,,,,,,,,,,,
,,,,,,,,,,,,,,,,,,,,,,,,,
,,,,,,,,,,,,,,,,,,,,,,,,,
,,,,,,,,,,,,,,,,,,,,,,,,,
,,,,,,,,,,,,,,,,,,,,,,,,,
,,,,,,,,,,,,,,,,,,,,,,,,,
,,,,,,,,,,,,,,,,,,,,,,,,,
,,,,,,,,,,,,,,,,,,,,,,,,,
,,,,,,,,,,,,,,,,,,,,,,,,,
,,,,,,,,,,,,,,,,,,,,,,,,,
,,,,,,,,,,,,,,,,,,,,,,,,,
,,,,,,,,,,,,,,,,,,,,,,,,,
,,,,,,,,,,,,,,,,,,,,,,,,,
,,,,,,,,,,,,,,,,,,,,,,,,,
,,,,,,,,,,,,,,,,,,,,,,,,,
,,,,,,,,,,,,,,,,,,,,,,,,,
,,,,,,,,,,,,,,,,,,,,,,,,,
,,,,,,,,,,,,,,,,,,,,,,,,,
,,,,,,,,,,,,,,,,,,,,,,,,,
,,,,,,,,,,,,,,,,,,,,,,,,,
,,,,,,,,,,,,,,,,,,,,,,,,,
,,,,,,,,,,,,,,,,,,,,,,,,,
,,,,,,,,,,,,,,,,,,,,,,,,,
,,,,,,,,,,,,,,,,,,,,,,,,,
,,,,,,,,,,,,,,,,,,,,,,,,,
,,,,,,,,,,,,,,,,,,,,,,,,,
,,,,,,,,,,,,,,,,,,,,,,,,,
,,,,,,,,,,,,,,,,,,,,,,,,,
,,,,,,,,,,,,,,,,,,,,,,,,,
,,,,,,,,,,,,,,,,,,,,,,,,,
,,,,,,,,,,,,,,,,,,,,,,,,,
,,,,,,,,,,,,,,,,,,,,,,,,,
,,,,,,,,,,,,,,,,,,,,,,,,,
,,,,,,,,,,,,,,,,,,,,,,,,,
,,,,,,,,,,,,,,,,,,,,,,,,,
,,,,,,,,,,,,,,,,,,,,,,,,,
,,,,,,,,,,,,,,,,,,,,,,,,,
,,,,,,,,,,,,,,,,,,,,,,,,,
,,,,,,,,,,,,,,,,,,,,,,,,,
,,,,,,,,,,,,,,,,,,,,,,,,,
,,,,,,,,,,,,,,,,,,,,,,,,,
,,,,,,,,,,,,,,,,,,,,,,,,,
,,,,,,,,,,,,,,,,,,,,,,,,,
,,,,,,,,,,,,,,,,,,,,,,,,,
,,,,,,,,,,,,,,,,,,,,,,,,,
,,,,,,,,,,,,,,,,,,,,,,,,,
,,,,,,,,,,,,,,,,,,,,,,,,,
,,,,,,,,,,,,,,,,,,,,,,,,,
,,,,,,,,,,,,,,,,,,,,,,,,,
,,,,,,,,,,,,,,,,,,,,,,,,,
,,,,,,,,,,,,,,,,,,,,,,,,,
,,,,,,,,,,,,,,,,,,,,,,,,,
,,,,,,,,,,,,,,,,,,,,,,,,,
,,,,,,,,,,,,,,,,,,,,,,,,,
,,,,,,,,,,,,,,,,,,,,,,,,,
,,,,,,,,,,,,,,,,,,,,,,,,,
,,,,,,,,,,,,,,,,,,,,,,,,,
,,,,,,,,,,,,,,,,,,,,,,,,,
,,,,,,,,,,,,,,,,,,,,,,,,,
,,,,,,,,,,,,,,,,,,,,,,,,,
,,,,,,,,,,,,,,,,,,,,,,,,,
,,,,,,,,,,,,,,,,,,,,,,,,,
,,,,,,,,,,,,,,,,,,,,,,,,,
,,,,,,,,,,,,,,,,,,,,,,,,,
,,,,,,,,,,,,,,,,,,,,,,,,,
,,,,,,,,,,,,,,,,,,,,,,,,,
,,,,,,,,,,,,,,,,,,,,,,,,,
,,,,,,,,,,,,,,,,,,,,,,,,,
,,,,,,,,,,,,,,,,,,,,,,,,,
,,,,,,,,,,,,,,,,,,,,,,,,,
,,,,,,,,,,,,,,,,,,,,,,,,,
,,,,,,,,,,,,,,,,,,,,,,,,,
,,,,,,,,,,,,,,,,,,,,,,,,,
,,,,,,,,,,,,,,,,,,,,,,,,,
,,,,,,,,,,,,,,,,,,,,,,,,,
,,,,,,,,,,,,,,,,,,,,,,,,,
,,,,,,,,,,,,,,,,,,,,,,,,,
,,,,,,,,,,,,,,,,,,,,,,,,,
,,,,,,,,,,,,,,,,,,,,,,,,,
,,,,,,,,,,,,,,,,,,,,,,,,,
,,,,,,,,,,,,,,,,,,,,,,,,,
,,,,,,,,,,,,,,,,,,,,,,,,,
,,,,,,,,,,,,,,,,,,,,,,,,,
,,,,,,,,,,,,,,,,,,,,,,,,,
,,,,,,,,,,,,,,,,,,,,,,,,,
,,,,,,,,,,,,,,,,,,,,,,,,,
,,,,,,,,,,,,,,,,,,,,,,,,,
,,,,,,,,,,,,,,,,,,,,,,,,,
,,,,,,,,,,,,,,,,,,,,,,,,,
,,,,,,,,,,,,,,,,,,,,,,,,,
,,,,,,,,,,,,,,,,,,,,,,,,,
,,,,,,,,,,,,,,,,,,,,,,,,,
,,,,,,,,,,,,,,,,,,,,,,,,,
,,,,,,,,,,,,,,,,,,,,,,,,,
,,,,,,,,,,,,,,,,,,,,,,,,,
,,,,,,,,,,,,,,,,,,,,,,,,,
,,,,,,,,,,,,,,,,,,,,,,,,,
,,,,,,,,,,,,,,,,,,,,,,,,,
,,,,,,,,,,,,,,,,,,,,,,,,,
,,,,,,,,,,,,,,,,,,,,,,,,,
,,,,,,,,,,,,,,,,,,,,,,,,,
,,,,,,,,,,,,,,,,,,,,,,,,,
,,,,,,,,,,,,,,,,,,,,,,,,,
,,,,,,,,,,,,,,,,,,,,,,,,,
,,,,,,,,,,,,,,,,,,,,,,,,,
,,,,,,,,,,,,,,,,,,,,,,,,,
,,,,,,,,,,,,,,,,,,,,,,,,,
,,,,,,,,,,,,,,,,,,,,,,,,,
,,,,,,,,,,,,,,,,,,,,,,,,,
,,,,,,,,,,,,,,,,,,,,,,,,,
,,,,,,,,,,,,,,,,,,,,,,,,,
,,,,,,,,,,,,,,,,,,,,,,,,,
,,,,,,,,,,,,,,,,,,,,,,,,,
,,,,,,,,,,,,,,,,,,,,,,,,,
,,,,,,,,,,,,,,,,,,,,,,,,,
,,,,,,,,,,,,,,,,,,,,,,,,,
,,,,,,,,,,,,,,,,,,,,,,,,,
,,,,,,,,,,,,,,,,,,,,,,,,,
,,,,,,,,,,,,,,,,,,,,,,,,,
,,,,,,,,,,,,,,,,,,,,,,,,,
,,,,,,,,,,,,,,,,,,,,,,,,,
,,,,,,,,,,,,,,,,,,,,,,,,,
,,,,,,,,,,,,,,,,,,,,,,,,,
,,,,,,,,,,,,,,,,,,,,,,,,,
,,,,,,,,,,,,,,,,,,,,,,,,,
,,,,,,,,,,,,,,,,,,,,,,,,,
,,,,,,,,,,,,,,,,,,,,,,,,,
,,,,,,,,,,,,,,,,,,,,,,,,,
,,,,,,,,,,,,,,,,,,,,,,,,,
,,,,,,,,,,,,,,,,,,,,,,,,,
,,,,,,,,,,,,,,,,,,,,,,,,,
,,,,,,,,,,,,,,,,,,,,,,,,,
,,,,,,,,,,,,,,,,,,,,,,,,,
,,,,,,,,,,,,,,,,,,,,,,,,,
,,,,,,,,,,,,,,,,,,,,,,,,,
,,,,,,,,,,,,,,,,,,,,,,,,,
,,,,,,,,,,,,,,,,,,,,,,,,,
,,,,,,,,,,,,,,,,,,,,,,,,,
,,,,,,,,,,,,,,,,,,,,,,,,,
,,,,,,,,,,,,,,,,,,,,,,,,,
,,,,,,,,,,,,,,,,,,,,,,,,,
,,,,,,,,,,,,,,,,,,,,,,,,,
,,,,,,,,,,,,,,,,,,,,,,,,,
,,,,,,,,,,,,,,,,,,,,,,,,,
,,,,,,,,,,,,,,,,,,,,,,,,,
,,,,,,,,,,,,,,,,,,,,,,,,,
,,,,,,,,,,,,,,,,,,,,,,,,,
,,,,,,,,,,,,,,,,,,,,,,,,,
,,,,,,,,,,,,,,,,,,,,,,,,,
,,,,,,,,,,,,,,,,,,,,,,,,,
,,,,,,,,,,,,,,,,,,,,,,,,,
,,,,,,,,,,,,,,,,,,,,,,,,,
,,,,,,,,,,,,,,,,,,,,,,,,,
,,,,,,,,,,,,,,,,,,,,,,,,,
,,,,,,,,,,,,,,,,,,,,,,,,,
,,,,,,,,,,,,,,,,,,,,,,,,,
,,,,,,,,,,,,,,,,,,,,,,,,,
,,,,,,,,,,,,,,,,,,,,,,,,,
,,,,,,,,,,,,,,,,,,,,,,,,,
,,,,,,,,,,,,,,,,,,,,,,,,,
,,,,,,,,,,,,,,,,,,,,,,,,,
,,,,,,,,,,,,,,,,,,,,,,,,,
,,,,,,,,,,,,,,,,,,,,,,,,,
,,,,,,,,,,,,,,,,,,,,,,,,,
,,,,,,,,,,,,,,,,,,,,,,,,,
,,,,,,,,,,,,,,,,,,,,,,,,,
,,,,,,,,,,,,,,,,,,,,,,,,,
,,,,,,,,,,,,,,,,,,,,,,,,,
,,,,,,,,,,,,,,,,,,,,,,,,,
,,,,,,,,,,,,,,,,,,,,,,,,,
,,,,,,,,,,,,,,,,,,,,,,,,,
,,,,,,,,,,,,,,,,,,,,,,,,,
,,,,,,,,,,,,,,,,,,,,,,,,,
,,,,,,,,,,,,,,,,,,,,,,,,,
,,,,,,,,,,,,,,,,,,,,,,,,,
,,,,,,,,,,,,,,,,,,,,,,,,,
,,,,,,,,,,,,,,,,,,,,,,,,,
,,,,,,,,,,,,,,,,,,,,,,,,,
,,,,,,,,,,,,,,,,,,,,,,,,,
,,,,,,,,,,,,,,,,,,,,,,,,,
,,,,,,,,,,,,,,,,,,,,,,,,,
,,,,,,,,,,,,,,,,,,,,,,,,,
,,,,,,,,,,,,,,,,,,,,,,,,,
,,,,,,,,,,,,,,,,,,,,,,,,,
,,,,,,,,,,,,,,,,,,,,,,,,,
,,,,,,,,,,,,,,,,,,,,,,,,,
,,,,,,,,,,,,,,,,,,,,,,,,,
,,,,,,,,,,,,,,,,,,,,,,,,,
,,,,,,,,,,,,,,,,,,,,,,,,,
,,,,,,,,,,,,,,,,,,,,,,,,,
,,,,,,,,,,,,,,,,,,,,,,,,,
,,,,,,,,,,,,,,,,,,,,,,,,,
,,,,,,,,,,,,,,,,,,,,,,,,,
,,,,,,,,,,,,,,,,,,,,,,,,,
,,,,,,,,,,,,,,,,,,,,,,,,,
,,,,,,,,,,,,,,,,,,,,,,,,,
,,,,,,,,,,,,,,,,,,,,,,,,,
,,,,,,,,,,,,,,,,,,,,,,,,,
,,,,,,,,,,,,,,,,,,,,,,,,,
,,,,,,,,,,,,,,,,,,,,,,,,,
,,,,,,,,,,,,,,,,,,,,,,,,,
,,,,,,,,,,,,,,,,,,,,,,,,,
,,,,,,,,,,,,,,,,,,,,,,,,,
,,,,,,,,,,,,,,,,,,,,,,,,,
,,,,,,,,,,,,,,,,,,,,,,,,,
,,,,,,,,,,,,,,,,,,,,,,,,,
,,,,,,,,,,,,,,,,,,,,,,,,,
,,,,,,,,,,,,,,,,,,,,,,,,,
,,,,,,,,,,,,,,,,,,,,,,,,,
,,,,,,,,,,,,,,,,,,,,,,,,,
,,,,,,,,,,,,,,,,,,,,,,,,,
,,,,,,,,,,,,,,,,,,,,,,,,,
,,,,,,,,,,,,,,,,,,,,,,,,,
,,,,,,,,,,,,,,,,,,,,,,,,,
,,,,,,,,,,,,,,,,,,,,,,,,,
,,,,,,,,,,,,,,,,,,,,,,,,,
,,,,,,,,,,,,,,,,,,,,,,,,,
,,,,,,,,,,,,,,,,,,,,,,,,,
,,,,,,,,,,,,,,,,,,,,,,,,,
,,,,,,,,,,,,,,,,,,,,,,,,,
,,,,,,,,,,,,,,,,,,,,,,,,,
,,,,,,,,,,,,,,,,,,,,,,,,,
,,,,,,,,,,,,,,,,,,,,,,,,,
,,,,,,,,,,,,,,,,,,,,,,,,,
,,,,,,,,,,,,,,,,,,,,,,,,,
,,,,,,,,,,,,,,,,,,,,,,,,,
,,,,,,,,,,,,,,,,,,,,,,,,,
,,,,,,,,,,,,,,,,,,,,,,,,,
,,,,,,,,,,,,,,,,,,,,,,,,,
,,,,,,,,,,,,,,,,,,,,,,,,,
,,,,,,,,,,,,,,,,,,,,,,,,,
,,,,,,,,,,,,,,,,,,,,,,,,,
,,,,,,,,,,,,,,,,,,,,,,,,,
,,,,,,,,,,,,,,,,,,,,,,,,,
,,,,,,,,,,,,,,,,,,,,,,,,,
,,,,,,,,,,,,,,,,,,,,,,,,,
,,,,,,,,,,,,,,,,,,,,,,,,,
,,,,,,,,,,,,,,,,,,,,,,,,,
,,,,,,,,,,,,,,,,,,,,,,,,,
,,,,,,,,,,,,,,,,,,,,,,,,,
,,,,,,,,,,,,,,,,,,,,,,,,,
,,,,,,,,,,,,,,,,,,,,,,,,,
,,,,,,,,,,,,,,,,,,,,,,,,,
,,,,,,,,,,,,,,,,,,,,,,,,,
,,,,,,,,,,,,,,,,,,,,,,,,,
,,,,,,,,,,,,,,,,,,,,,,,,,
,,,,,,,,,,,,,,,,,,,,,,,,,
,,,,,,,,,,,,,,,,,,,,,,,,,
,,,,,,,,,,,,,,,,,,,,,,,,,
,,,,,,,,,,,,,,,,,,,,,,,,,
,,,,,,,,,,,,,,,,,,,,,,,,,
,,,,,,,,,,,,,,,,,,,,,,,,,
,,,,,,,,,,,,,,,,,,,,,,,,,
,,,,,,,,,,,,,,,,,,,,,,,,,
,,,,,,,,,,,,,,,,,,,,,,,,,
,,,,,,,,,,,,,,,,,,,,,,,,,
,,,,,,,,,,,,,,,,,,,,,,,,,
,,,,,,,,,,,,,,,,,,,,,,,,,
,,,,,,,,,,,,,,,,,,,,,,,,,
,,,,,,,,,,,,,,,,,,,,,,,,,
,,,,,,,,,,,,,,,,,,,,,,,,,
,,,,,,,,,,,,,,,,,,,,,,,,,
,,,,,,,,,,,,,,,,,,,,,,,,,
,,,,,,,,,,,,,,,,,,,,,,,,,
,,,,,,,,,,,,,,,,,,,,,,,,,
,,,,,,,,,,,,,,,,,,,,,,,,,
,,,,,,,,,,,,,,,,,,,,,,,,,
,,,,,,,,,,,,,,,,,,,,,,,,,
,,,,,,,,,,,,,,,,,,,,,,,,,
,,,,,,,,,,,,,,,,,,,,,,,,,
,,,,,,,,,,,,,,,,,,,,,,,,,
,,,,,,,,,,,,,,,,,,,,,,,,,
,,,,,,,,,,,,,,,,,,,,,,,,,
,,,,,,,,,,,,,,,,,,,,,,,,,
,,,,,,,,,,,,,,,,,,,,,,,,,
,,,,,,,,,,,,,,,,,,,,,,,,,
,,,,,,,,,,,,,,,,,,,,,,,,,
,,,,,,,,,,,,,,,,,,,,,,,,,
,,,,,,,,,,,,,,,,,,,,,,,,,
,,,,,,,,,,,,,,,,,,,,,,,,,
,,,,,,,,,,,,,,,,,,,,,,,,,
,,,,,,,,,,,,,,,,,,,,,,,,,
,,,,,,,,,,,,,,,,,,,,,,,,,
,,,,,,,,,,,,,,,,,,,,,,,,,
,,,,,,,,,,,,,,,,,,,,,,,,,
,,,,,,,,,,,,,,,,,,,,,,,,,
,,,,,,,,,,,,,,,,,,,,,,,,,
,,,,,,,,,,,,,,,,,,,,,,,,,
,,,,,,,,,,,,,,,,,,,,,,,,,
,,,,,,,,,,,,,,,,,,,,,,,,,
,,,,,,,,,,,,,,,,,,,,,,,,,
,,,,,,,,,,,,,,,,,,,,,,,,,
,,,,,,,,,,,,,,,,,,,,,,,,,
,,,,,,,,,,,,,,,,,,,,,,,,,
,,,,,,,,,,,,,,,,,,,,,,,,,
,,,,,,,,,,,,,,,,,,,,,,,,,
,,,,,,,,,,,,,,,,,,,,,,,,,
,,,,,,,,,,,,,,,,,,,,,,,,,
,,,,,,,,,,,,,,,,,,,,,,,,,
,,,,,,,,,,,,,,,,,,,,,,,,,
,,,,,,,,,,,,,,,,,,,,,,,,,
,,,,,,,,,,,,,,,,,,,,,,,,,
,,,,,,,,,,,,,,,,,,,,,,,,,
,,,,,,,,,,,,,,,,,,,,,,,,,
,,,,,,,,,,,,,,,,,,,,,,,,,
,,,,,,,,,,,,,,,,,,,,,,,,,
,,,,,,,,,,,,,,,,,,,,,,,,,
,,,,,,,,,,,,,,,,,,,,,,,,,
,,,,,,,,,,,,,,,,,,,,,,,,,
,,,,,,,,,,,,,,,,,,,,,,,,,
,,,,,,,,,,,,,,,,,,,,,,,,,
,,,,,,,,,,,,,,,,,,,,,,,,,
,,,,,,,,,,,,,,,,,,,,,,,,,
,,,,,,,,,,,,,,,,,,,,,,,,,
,,,,,,,,,,,,,,,,,,,,,,,,,
,,,,,,,,,,,,,,,,,,,,,,,,,
,,,,,,,,,,,,,,,,,,,,,,,,,
,,,,,,,,,,,,,,,,,,,,,,,,,
,,,,,,,,,,,,,,,,,,,,,,,,,
,,,,,,,,,,,,,,,,,,,,,,,,,
,,,,,,,,,,,,,,,,,,,,,,,,,
,,,,,,,,,,,,,,,,,,,,,,,,,
,,,,,,,,,,,,,,,,,,,,,,,,,
,,,,,,,,,,,,,,,,,,,,,,,,,
,,,,,,,,,,,,,,,,,,,,,,,,,
,,,,,,,,,,,,,,,,,,,,,,,,,
,,,,,,,,,,,,,,,,,,,,,,,,,
,,,,,,,,,,,,,,,,,,,,,,,,,
,,,,,,,,,,,,,,,,,,,,,,,,,
,,,,,,,,,,,,,,,,,,,,,,,,,
,,,,,,,,,,,,,,,,,,,,,,,,,
,,,,,,,,,,,,,,,,,,,,,,,,,
,,,,,,,,,,,,,,,,,,,,,,,,,
,,,,,,,,,,,,,,,,,,,,,,,,,
,,,,,,,,,,,,,,,,,,,,,,,,,
,,,,,,,,,,,,,,,,,,,,,,,,,
,,,,,,,,,,,,,,,,,,,,,,,,,
,,,,,,,,,,,,,,,,,,,,,,,,,
,,,,,,,,,,,,,,,,,,,,,,,,,
,,,,,,,,,,,,,,,,,,,,,,,,,
,,,,,,,,,,,,,,,,,,,,,,,,,
,,,,,,,,,,,,,,,,,,,,,,,,,
,,,,,,,,,,,,,,,,,,,,,,,,,
,,,,,,,,,,,,,,,,,,,,,,,,,
,,,,,,,,,,,,,,,,,,,,,,,,,
,,,,,,,,,,,,,,,,,,,,,,,,,
,,,,,,,,,,,,,,,,,,,,,,,,,
,,,,,,,,,,,,,,,,,,,,,,,,,
,,,,,,,,,,,,,,,,,,,,,,,,,
,,,,,,,,,,,,,,,,,,,,,,,,,
,,,,,,,,,,,,,,,,,,,,,,,,,
,,,,,,,,,,,,,,,,,,,,,,,,,
,,,,,,,,,,,,,,,,,,,,,,,,,
,,,,,,,,,,,,,,,,,,,,,,,,,
,,,,,,,,,,,,,,,,,,,,,,,,,
,,,,,,,,,,,,,,,,,,,,,,,,,
,,,,,,,,,,,,,,,,,,,,,,,,,
,,,,,,,,,,,,,,,,,,,,,,,,,
,,,,,,,,,,,,,,,,,,,,,,,,,
,,,,,,,,,,,,,,,,,,,,,,,,,
,,,,,,,,,,,,,,,,,,,,,,,,,
,,,,,,,,,,,,,,,,,,,,,,,,,
,,,,,,,,,,,,,,,,,,,,,,,,,
,,,,,,,,,,,,,,,,,,,,,,,,,
,,,,,,,,,,,,,,,,,,,,,,,,,
,,,,,,,,,,,,,,,,,,,,,,,,,
,,,,,,,,,,,,,,,,,,,,,,,,,
,,,,,,,,,,,,,,,,,,,,,,,,,
,,,,,,,,,,,,,,,,,,,,,,,,,
,,,,,,,,,,,,,,,,,,,,,,,,,
,,,,,,,,,,,,,,,,,,,,,,,,,
,,,,,,,,,,,,,,,,,,,,,,,,,
,,,,,,,,,,,,,,,,,,,,,,,,,
,,,,,,,,,,,,,,,,,,,,,,,,,
,,,,,,,,,,,,,,,,,,,,,,,,,
,,,,,,,,,,,,,,,,,,,,,,,,,
,,,,,,,,,,,,,,,,,,,,,,,,,
,,,,,,,,,,,,,,,,,,,,,,,,,
,,,,,,,,,,,,,,,,,,,,,,,,,
,,,,,,,,,,,,,,,,,,,,,,,,,
,,,,,,,,,,,,,,,,,,,,,,,,,
,,,,,,,,,,,,,,,,,,,,,,,,,
,,,,,,,,,,,,,,,,,,,,,,,,,
,,,,,,,,,,,,,,,,,,,,,,,,,
,,,,,,,,,,,,,,,,,,,,,,,,,
,,,,,,,,,,,,,,,,,,,,,,,,,
,,,,,,,,,,,,,,,,,,,,,,,,,
,,,,,,,,,,,,,,,,,,,,,,,,,
,,,,,,,,,,,,,,,,,,,,,,,,,
,,,,,,,,,,,,,,,,,,,,,,,,,
,,,,,,,,,,,,,,,,,,,,,,,,,
,,,,,,,,,,,,,,,,,,,,,,,,,
,,,,,,,,,,,,,,,,,,,,,,,,,
,,,,,,,,,,,,,,,,,,,,,,,,,
,,,,,,,,,,,,,,,,,,,,,,,,,
,,,,,,,,,,,,,,,,,,,,,,,,,
,,,,,,,,,,,,,,,,,,,,,,,,,
,,,,,,,,,,,,,,,,,,,,,,,,,
,,,,,,,,,,,,,,,,,,,,,,,,,
,,,,,,,,,,,,,,,,,,,,,,,,,
,,,,,,,,,,,,,,,,,,,,,,,,,
,,,,,,,,,,,,,,,,,,,,,,,,,
,,,,,,,,,,,,,,,,,,,,,,,,,
,,,,,,,,,,,,,,,,,,,,,,,,,
,,,,,,,,,,,,,,,,,,,,,,,,,
,,,,,,,,,,,,,,,,,,,,,,,,,
,,,,,,,,,,,,,,,,,,,,,,,,,
,,,,,,,,,,,,,,,,,,,,,,,,,
,,,,,,,,,,,,,,,,,,,,,,,,,
,,,,,,,,,,,,,,,,,,,,,,,,,
,,,,,,,,,,,,,,,,,,,,,,,,,
,,,,,,,,,,,,,,,,,,,,,,,,,
,,,,,,,,,,,,,,,,,,,,,,,,,
,,,,,,,,,,,,,,,,,,,,,,,,,
,,,,,,,,,,,,,,,,,,,,,,,,,
,,,,,,,,,,,,,,,,,,,,,,,,,
,,,,,,,,,,,,,,,,,,,,,,,,,
,,,,,,,,,,,,,,,,,,,,,,,,,
,,,,,,,,,,,,,,,,,,,,,,,,,
,,,,,,,,,,,,,,,,,,,,,,,,,
,,,,,,,,,,,,,,,,,,,,,,,,,
,,,,,,,,,,,,,,,,,,,,,,,,,
,,,,,,,,,,,,,,,,,,,,,,,,,
,,,,,,,,,,,,,,,,,,,,,,,,,
,,,,,,,,,,,,,,,,,,,,,,,,,
,,,,,,,,,,,,,,,,,,,,,,,,,
,,,,,,,,,,,,,,,,,,,,,,,,,
,,,,,,,,,,,,,,,,,,,,,,,,,
,,,,,,,,,,,,,,,,,,,,,,,,,
,,,,,,,,,,,,,,,,,,,,,,,,,
,,,,,,,,,,,,,,,,,,,,,,,,,
,,,,,,,,,,,,,,,,,,,,,,,,,
,,,,,,,,,,,,,,,,,,,,,,,,,
,,,,,,,,,,,,,,,,,,,,,,,,,
,,,,,,,,,,,,,,,,,,,,,,,,,
,,,,,,,,,,,,,,,,,,,,,,,,,
,,,,,,,,,,,,,,,,,,,,,,,,,
,,,,,,,,,,,,,,,,,,,,,,,,,
,,,,,,,,,,,,,,,,,,,,,,,,,
,,,,,,,,,,,,,,,,,,,,,,,,,
,,,,,,,,,,,,,,,,,,,,,,,,,
,,,,,,,,,,,,,,,,,,,,,,,,,
,,,,,,,,,,,,,,,,,,,,,,,,,
,,,,,,,,,,,,,,,,,,,,,,,,,
,,,,,,,,,,,,,,,,,,,,,,,,,
,,,,,,,,,,,,,,,,,,,,,,,,,
,,,,,,,,,,,,,,,,,,,,,,,,,
,,,,,,,,,,,,,,,,,,,,,,,,,
,,,,,,,,,,,,,,,,,,,,,,,,,
,,,,,,,,,,,,,,,,,,,,,,,,,
,,,,,,,,,,,,,,,,,,,,,,,,,
,,,,,,,,,,,,,,,,,,,,,,,,,
,,,,,,,,,,,,,,,,,,,,,,,,,
,,,,,,,,,,,,,,,,,,,,,,,,,
,,,,,,,,,,,,,,,,,,,,,,,,,
,,,,,,,,,,,,,,,,,,,,,,,,,
,,,,,,,,,,,,,,,,,,,,,,,,,
,,,,,,,,,,,,,,,,,,,,,,,,,
,,,,,,,,,,,,,,,,,,,,,,,,,
,,,,,,,,,,,,,,,,,,,,,,,,,
,,,,,,,,,,,,,,,,,,,,,,,,,
,,,,,,,,,,,,,,,,,,,,,,,,,
,,,,,,,,,,,,,,,,,,,,,,,,,
,,,,,,,,,,,,,,,,,,,,,,,,,
,,,,,,,,,,,,,,,,,,,,,,,,,
,,,,,,,,,,,,,,,,,,,,,,,,,
,,,,,,,,,,,,,,,,,,,,,,,,,
,,,,,,,,,,,,,,,,,,,,,,,,,
,,,,,,,,,,,,,,,,,,,,,,,,,
,,,,,,,,,,,,,,,,,,,,,,,,,
,,,,,,,,,,,,,,,,,,,,,,,,,
,,,,,,,,,,,,,,,,,,,,,,,,,
,,,,,,,,,,,,,,,,,,,,,,,,,
,,,,,,,,,,,,,,,,,,,,,,,,,
,,,,,,,,,,,,,,,,,,,,,,,,,
,,,,,,,,,,,,,,,,,,,,,,,,,
,,,,,,,,,,,,,,,,,,,,,,,,,
,,,,,,,,,,,,,,,,,,,,,,,,,
,,,,,,,,,,,,,,,,,,,,,,,,,
,,,,,,,,,,,,,,,,,,,,,,,,,
,,,,,,,,,,,,,,,,,,,,,,,,,
,,,,,,,,,,,,,,,,,,,,,,,,,
,,,,,,,,,,,,,,,,,,,,,,,,,
,,,,,,,,,,,,,,,,,,,,,,,,,
,,,,,,,,,,,,,,,,,,,,,,,,,
,,,,,,,,,,,,,,,,,,,,,,,,,
,,,,,,,,,,,,,,,,,,,,,,,,,
,,,,,,,,,,,,,,,,,,,,,,,,,
,,,,,,,,,,,,,,,,,,,,,,,,,
,,,,,,,,,,,,,,,,,,,,,,,,,
,,,,,,,,,,,,,,,,,,,,,,,,,
,,,,,,,,,,,,,,,,,,,,,,,,,
,,,,,,,,,,,,,,,,,,,,,,,,,
,,,,,,,,,,,,,,,,,,,,,,,,,
,,,,,,,,,,,,,,,,,,,,,,,,,
,,,,,,,,,,,,,,,,,,,,,,,,,
,,,,,,,,,,,,,,,,,,,,,,,,,
,,,,,,,,,,,,,,,,,,,,,,,,,
,,,,,,,,,,,,,,,,,,,,,,,,,
,,,,,,,,,,,,,,,,,,,,,,,,,
,,,,,,,,,,,,,,,,,,,,,,,,,
,,,,,,,,,,,,,,,,,,,,,,,,,
,,,,,,,,,,,,,,,,,,,,,,,,,
,,,,,,,,,,,,,,,,,,,,,,,,,
,,,,,,,,,,,,,,,,,,,,,,,,,
,,,,,,,,,,,,,,,,,,,,,,,,,
,,,,,,,,,,,,,,,,,,,,,,,,,
,,,,,,,,,,,,,,,,,,,,,,,,,
,,,,,,,,,,,,,,,,,,,,,,,,,
,,,,,,,,,,,,,,,,,,,,,,,,,
,,,,,,,,,,,,,,,,,,,,,,,,,
,,,,,,,,,,,,,,,,,,,,,,,,,
,,,,,,,,,,,,,,,,,,,,,,,,,
,,,,,,,,,,,,,,,,,,,,,,,,,
,,,,,,,,,,,,,,,,,,,,,,,,,
,,,,,,,,,,,,,,,,,,,,,,,,,
,,,,,,,,,,,,,,,,,,,,,,,,,
,,,,,,,,,,,,,,,,,,,,,,,,,
,,,,,,,,,,,,,,,,,,,,,,,,,
,,,,,,,,,,,,,,,,,,,,,,,,,
,,,,,,,,,,,,,,,,,,,,,,,,,
,,,,,,,,,,,,,,,,,,,,,,,,,
,,,,,,,,,,,,,,,,,,,,,,,,,
,,,,,,,,,,,,,,,,,,,,,,,,,
,,,,,,,,,,,,,,,,,,,,,,,,,
,,,,,,,,,,,,,,,,,,,,,,,,,
,,,,,,,,,,,,,,,,,,,,,,,,,
,,,,,,,,,,,,,,,,,,,,,,,,,
,,,,,,,,,,,,,,,,,,,,,,,,,
,,,,,,,,,,,,,,,,,,,,,,,,,
,,,,,,,,,,,,,,,,,,,,,,,,,
,,,,,,,,,,,,,,,,,,,,,,,,,
,,,,,,,,,,,,,,,,,,,,,,,,,
,,,,,,,,,,,,,,,,,,,,,,,,,
,,,,,,,,,,,,,,,,,,,,,,,,,
,,,,,,,,,,,,,,,,,,,,,,,,,
,,,,,,,,,,,,,,,,,,,,,,,,,
,,,,,,,,,,,,,,,,,,,,,,,,,
,,,,,,,,,,,,,,,,,,,,,,,,,
,,,,,,,,,,,,,,,,,,,,,,,,,
,,,,,,,,,,,,,,,,,,,,,,,,,
,,,,,,,,,,,,,,,,,,,,,,,,,
,,,,,,,,,,,,,,,,,,,,,,,,,
,,,,,,,,,,,,,,,,,,,,,,,,,
,,,,,,,,,,,,,,,,,,,,,,,,,
,,,,,,,,,,,,,,,,,,,,,,,,,
,,,,,,,,,,,,,,,,,,,,,,,,,
,,,,,,,,,,,,,,,,,,,,,,,,,
,,,,,,,,,,,,,,,,,,,,,,,,,
,,,,,,,,,,,,,,,,,,,,,,,,,
,,,,,,,,,,,,,,,,,,,,,,,,,
,,,,,,,,,,,,,,,,,,,,,,,,,
,,,,,,,,,,,,,,,,,,,,,,,,,
,,,,,,,,,,,,,,,,,,,,,,,,,
,,,,,,,,,,,,,,,,,,,,,,,,,
,,,,,,,,,,,,,,,,,,,,,,,,,
,,,,,,,,,,,,,,,,,,,,,,,,,
,,,,,,,,,,,,,,,,,,,,,,,,,
,,,,,,,,,,,,,,,,,,,,,,,,,
,,,,,,,,,,,,,,,,,,,,,,,,,
,,,,,,,,,,,,,,,,,,,,,,,,,
,,,,,,,,,,,,,,,,,,,,,,,,,
,,,,,,,,,,,,,,,,,,,,,,,,,
,,,,,,,,,,,,,,,,,,,,,,,,,
,,,,,,,,,,,,,,,,,,,,,,,,,
,,,,,,,,,,,,,,,,,,,,,,,,,
,,,,,,,,,,,,,,,,,,,,,,,,,
,,,,,,,,,,,,,,,,,,,,,,,,,
,,,,,,,,,,,,,,,,,,,,,,,,,
,,,,,,,,,,,,,,,,,,,,,,,,,
,,,,,,,,,,,,,,,,,,,,,,,,,
,,,,,,,,,,,,,,,,,,,,,,,,,
,,,,,,,,,,,,,,,,,,,,,,,,,
,,,,,,,,,,,,,,,,,,,,,,,,,
,,,,,,,,,,,,,,,,,,,,,,,,,
,,,,,,,,,,,,,,,,,,,,,,,,,
,,,,,,,,,,,,,,,,,,,,,,,,,
,,,,,,,,,,,,,,,,,,,,,,,,,
,,,,,,,,,,,,,,,,,,,,,,,,,
,,,,,,,,,,,,,,,,,,,,,,,,,
,,,,,,,,,,,,,,,,,,,,,,,,,
,,,,,,,,,,,,,,,,,,,,,,,,,
,,,,,,,,,,,,,,,,,,,,,,,,,
,,,,,,,,,,,,,,,,,,,,,,,,,
,,,,,,,,,,,,,,,,,,,,,,,,,
,,,,,,,,,,,,,,,,,,,,,,,,,
,,,,,,,,,,,,,,,,,,,,,,,,,
,,,,,,,,,,,,,,,,,,,,,,,,,
,,,,,,,,,,,,,,,,,,,,,,,,,
,,,,,,,,,,,,,,,,,,,,,,,,,
,,,,,,,,,,,,,,,,,,,,,,,,,
,,,,,,,,,,,,,,,,,,,,,,,,,
,,,,,,,,,,,,,,,,,,,,,,,,,
,,,,,,,,,,,,,,,,,,,,,,,,,
,,,,,,,,,,,,,,,,,,,,,,,,,
,,,,,,,,,,,,,,,,,,,,,,,,,
,,,,,,,,,,,,,,,,,,,,,,,,,
,,,,,,,,,,,,,,,,,,,,,,,,,
,,,,,,,,,,,,,,,,,,,,,,,,,
,,,,,,,,,,,,,,,,,,,,,,,,,
,,,,,,,,,,,,,,,,,,,,,,,,,
,,,,,,,,,,,,,,,,,,,,,,,,,
,,,,,,,,,,,,,,,,,,,,,,,,,
,,,,,,,,,,,,,,,,,,,,,,,,,
,,,,,,,,,,,,,,,,,,,,,,,,,
,,,,,,,,,,,,,,,,,,,,,,,,,
,,,,,,,,,,,,,,,,,,,,,,,,,
,,,,,,,,,,,,,,,,,,,,,,,,,
,,,,,,,,,,,,,,,,,,,,,,,,,
,,,,,,,,,,,,,,,,,,,,,,,,,
,,,,,,,,,,,,,,,,,,,,,,,,,
,,,,,,,,,,,,,,,,,,,,,,,,,
,,,,,,,,,,,,,,,,,,,,,,,,,
,,,,,,,,,,,,,,,,,,,,,,,,,
,,,,,,,,,,,,,,,,,,,,,,,,,
,,,,,,,,,,,,,,,,,,,,,,,,,
,,,,,,,,,,,,,,,,,,,,,,,,,
,,,,,,,,,,,,,,,,,,,,,,,,,
,,,,,,,,,,,,,,,,,,,,,,,,,
,,,,,,,,,,,,,,,,,,,,,,,,,
,,,,,,,,,,,,,,,,,,,,,,,,,
,,,,,,,,,,,,,,,,,,,,,,,,,
,,,,,,,,,,,,,,,,,,,,,,,,,
,,,,,,,,,,,,,,,,,,,,,,,,,
,,,,,,,,,,,,,,,,,,,,,,,,,
,,,,,,,,,,,,,,,,,,,,,,,,,
,,,,,,,,,,,,,,,,,,,,,,,,,
,,,,,,,,,,,,,,,,,,,,,,,,,
,,,,,,,,,,,,,,,,,,,,,,,,,
,,,,,,,,,,,,,,,,,,,,,,,,,
,,,,,,,,,,,,,,,,,,,,,,,,,
,,,,,,,,,,,,,,,,,,,,,,,,,
,,,,,,,,,,,,,,,,,,,,,,,,,
,,,,,,,,,,,,,,,,,,,,,,,,,
,,,,,,,,,,,,,,,,,,,,,,,,,
,,,,,,,,,,,,,,,,,,,,,,,,,
,,,,,,,,,,,,,,,,,,,,,,,,,
,,,,,,,,,,,,,,,,,,,,,,,,,
,,,,,,,,,,,,,,,,,,,,,,,,,
,,,,,,,,,,,,,,,,,,,,,,,,,
,,,,,,,,,,,,,,,,,,,,,,,,,
,,,,,,,,,,,,,,,,,,,,,,,,,
,,,,,,,,,,,,,,,,,,,,,,,,,
,,,,,,,,,,,,,,,,,,,,,,,,,
,,,,,,,,,,,,,,,,,,,,,,,,,
,,,,,,,,,,,,,,,,,,,,,,,,,
,,,,,,,,,,,,,,,,,,,,,,,,,
,,,,,,,,,,,,,,,,,,,,,,,,,
,,,,,,,,,,,,,,,,,,,,,,,,,
,,,,,,,,,,,,,,,,,,,,,,,,,
,,,,,,,,,,,,,,,,,,,,,,,,,
,,,,,,,,,,,,,,,,,,,,,,,,,
,,,,,,,,,,,,,,,,,,,,,,,,,
,,,,,,,,,,,,,,,,,,,,,,,,,
,,,,,,,,,,,,,,,,,,,,,,,,,
,,,,,,,,,,,,,,,,,,,,,,,,,
,,,,,,,,,,,,,,,,,,,,,,,,,
,,,,,,,,,,,,,,,,,,,,,,,,,
,,,,,,,,,,,,,,,,,,,,,,,,,
,,,,,,,,,,,,,,,,,,,,,,,,,
,,,,,,,,,,,,,,,,,,,,,,,,,
,,,,,,,,,,,,,,,,,,,,,,,,,
,,,,,,,,,,,,,,,,,,,,,,,,,
,,,,,,,,,,,,,,,,,,,,,,,,,
,,,,,,,,,,,,,,,,,,,,,,,,,
,,,,,,,,,,,,,,,,,,,,,,,,,
,,,,,,,,,,,,,,,,,,,,,,,,,
,,,,,,,,,,,,,,,,,,,,,,,,,
,,,,,,,,,,,,,,,,,,,,,,,,,
,,,,,,,,,,,,,,,,,,,,,,,,,
,,,,,,,,,,,,,,,,,,,,,,,,,
,,,,,,,,,,,,,,,,,,,,,,,,,
,,,,,,,,,,,,,,,,,,,,,,,,,
,,,,,,,,,,,,,,,,,,,,,,,,,
,,,,,,,,,,,,,,,,,,,,,,,,,
,,,,,,,,,,,,,,,,,,,,,,,,,
,,,,,,,,,,,,,,,,,,,,,,,,,
,,,,,,,,,,,,,,,,,,,,,,,,,
,,,,,,,,,,,,,,,,,,,,,,,,,
,,,,,,,,,,,,,,,,,,,,,,,,,
,,,,,,,,,,,,,,,,,,,,,,,,,
,,,,,,,,,,,,,,,,,,,,,,,,,
,,,,,,,,,,,,,,,,,,,,,,,,,
,,,,,,,,,,,,,,,,,,,,,,,,,
,,,,,,,,,,,,,,,,,,,,,,,,,
,,,,,,,,,,,,,,,,,,,,,,,,,
,,,,,,,,,,,,,,,,,,,,,,,,,
,,,,,,,,,,,,,,,,,,,,,,,,,
,,,,,,,,,,,,,,,,,,,,,,,,,
,,,,,,,,,,,,,,,,,,,,,,,,,
,,,,,,,,,,,,,,,,,,,,,,,,,
,,,,,,,,,,,,,,,,,,,,,,,,,
,,,,,,,,,,,,,,,,,,,,,,,,,
,,,,,,,,,,,,,,,,,,,,,,,,,
,,,,,,,,,,,,,,,,,,,,,,,,,
,,,,,,,,,,,,,,,,,,,,,,,,,
,,,,,,,,,,,,,,,,,,,,,,,,,
,,,,,,,,,,,,,,,,,,,,,,,,,
,,,,,,,,,,,,,,,,,,,,,,,,,
,,,,,,,,,,,,,,,,,,,,,,,,,
,,,,,,,,,,,,,,,,,,,,,,,,,
,,,,,,,,,,,,,,,,,,,,,,,,,
,,,,,,,,,,,,,,,,,,,,,,,,,
,,,,,,,,,,,,,,,,,,,,,,,,,
,,,,,,,,,,,,,,,,,,,,,,,,,
,,,,,,,,,,,,,,,,,,,,,,,,,
,,,,,,,,,,,,,,,,,,,,,,,,,
,,,,,,,,,,,,,,,,,,,,,,,,,
,,,,,,,,,,,,,,,,,,,,,,,,,
,,,,,,,,,,,,,,,,,,,,,,,,,
,,,,,,,,,,,,,,,,,,,,,,,,,
,,,,,,,,,,,,,,,,,,,,,,,,,
,,,,,,,,,,,,,,,,,,,,,,,,,
,,,,,,,,,,,,,,,,,,,,,,,,,
,,,,,,,,,,,,,,,,,,,,,,,,,
,,,,,,,,,,,,,,,,,,,,,,,,,
,,,,,,,,,,,,,,,,,,,,,,,,,
,,,,,,,,,,,,,,,,,,,,,,,,,
,,,,,,,,,,,,,,,,,,,,,,,,,
,,,,,,,,,,,,,,,,,,,,,,,,,
,,,,,,,,,,,,,,,,,,,,,,,,,
,,,,,,,,,,,,,,,,,,,,,,,,,
,,,,,,,,,,,,,,,,,,,,,,,,,
,,,,,,,,,,,,,,,,,,,,,,,,,
,,,,,,,,,,,,,,,,,,,,,,,,,
,,,,,,,,,,,,,,,,,,,,,,,,,
,,,,,,,,,,,,,,,,,,,,,,,,,
,,,,,,,,,,,,,,,,,,,,,,,,,
,,,,,,,,,,,,,,,,,,,,,,,,,
,,,,,,,,,,,,,,,,,,,,,,,,,
,,,,,,,,,,,,,,,,,,,,,,,,,
,,,,,,,,,,,,,,,,,,,,,,,,,
,,,,,,,,,,,,,,,,,,,,,,,,,
,,,,,,,,,,,,,,,,,,,,,,,,,
,,,,,,,,,,,,,,,,,,,,,,,,,
,,,,,,,,,,,,,,,,,,,,,,,,,
,,,,,,,,,,,,,,,,,,,,,,,,,
,,,,,,,,,,,,,,,,,,,,,,,,,
,,,,,,,,,,,,,,,,,,,,,,,,,
,,,,,,,,,,,,,,,,,,,,,,,,,
,,,,,,,,,,,,,,,,,,,,,,,,,
,,,,,,,,,,,,,,,,,,,,,,,,,
,,,,,,,,,,,,,,,,,,,,,,,,,
,,,,,,,,,,,,,,,,,,,,,,,,,
,,,,,,,,,,,,,,,,,,,,,,,,,
,,,,,,,,,,,,,,,,,,,,,,,,,
,,,,,,,,,,,,,,,,,,,,,,,,,
,,,,,,,,,,,,,,,,,,,,,,,,,
,,,,,,,,,,,,,,,,,,,,,,,,,
,,,,,,,,,,,,,,,,,,,,,,,,,
,,,,,,,,,,,,,,,,,,,,,,,,,
,,,,,,,,,,,,,,,,,,,,,,,,,
,,,,,,,,,,,,,,,,,,,,,,,,,
,,,,,,,,,,,,,,,,,,,,,,,,,
,,,,,,,,,,,,,,,,,,,,,,,,,
,,,,,,,,,,,,,,,,,,,,,,,,,
,,,,,,,,,,,,,,,,,,,,,,,,,
,,,,,,,,,,,,,,,,,,,,,,,,,
,,,,,,,,,,,,,,,,,,,,,,,,,
,,,,,,,,,,,,,,,,,,,,,,,,,
,,,,,,,,,,,,,,,,,,,,,,,,,
,,,,,,,,,,,,,,,,,,,,,,,,,
,,,,,,,,,,,,,,,,,,,,,,,,,
,,,,,,,,,,,,,,,,,,,,,,,,,
,,,,,,,,,,,,,,,,,,,,,,,,,
,,,,,,,,,,,,,,,,,,,,,,,,,
,,,,,,,,,,,,,,,,,,,,,,,,,
,,,,,,,,,,,,,,,,,,,,,,,,,
,,,,,,,,,,,,,,,,,,,,,,,,,
,,,,,,,,,,,,,,,,,,,,,,,,,
,,,,,,,,,,,,,,,,,,,,,,,,,
,,,,,,,,,,,,,,,,,,,,,,,,,
,,,,,,,,,,,,,,,,,,,,,,,,,
,,,,,,,,,,,,,,,,,,,,,,,,,
,,,,,,,,,,,,,,,,,,,,,,,,,
,,,,,,,,,,,,,,,,,,,,,,,,,
,,,,,,,,,,,,,,,,,,,,,,,,,
,,,,,,,,,,,,,,,,,,,,,,,,,
,,,,,,,,,,,,,,,,,,,,,,,,,
,,,,,,,,,,,,,,,,,,,,,,,,,
,,,,,,,,,,,,,,,,,,,,,,,,,
,,,,,,,,,,,,,,,,,,,,,,,,,
,,,,,,,,,,,,,,,,,,,,,,,,,
,,,,,,,,,,,,,,,,,,,,,,,,,
,,,,,,,,,,,,,,,,,,,,,,,,,
,,,,,,,,,,,,,,,,,,,,,,,,,
,,,,,,,,,,,,,,,,,,,,,,,,,
,,,,,,,,,,,,,,,,,,,,,,,,,
,,,,,,,,,,,,,,,,,,,,,,,,,
,,,,,,,,,,,,,,,,,,,,,,,,,
,,,,,,,,,,,,,,,,,,,,,,,,,
,,,,,,,,,,,,,,,,,,,,,,,,,
,,,,,,,,,,,,,,,,,,,,,,,,,
,,,,,,,,,,,,,,,,,,,,,,,,,
,,,,,,,,,,,,,,,,,,,,,,,,,
,,,,,,,,,,,,,,,,,,,,,,,,,
,,,,,,,,,,,,,,,,,,,,,,,,,
,,,,,,,,,,,,,,,,,,,,,,,,,
,,,,,,,,,,,,,,,,,,,,,,,,,
,,,,,,,,,,,,,,,,,,,,,,,,,
,,,,,,,,,,,,,,,,,,,,,,,,,
,,,,,,,,,,,,,,,,,,,,,,,,,
,,,,,,,,,,,,,,,,,,,,,,,,,
,,,,,,,,,,,,,,,,,,,,,,,,,
,,,,,,,,,,,,,,,,,,,,,,,,,
,,,,,,,,,,,,,,,,,,,,,,,,,
,,,,,,,,,,,,,,,,,,,,,,,,,
,,,,,,,,,,,,,,,,,,,,,,,,,
,,,,,,,,,,,,,,,,,,,,,,,,,
,,,,,,,,,,,,,,,,,,,,,,,,,
,,,,,,,,,,,,,,,,,,,,,,,,,
,,,,,,,,,,,,,,,,,,,,,,,,,
,,,,,,,,,,,,,,,,,,,,,,,,,
,,,,,,,,,,,,,,,,,,,,,,,,,
,,,,,,,,,,,,,,,,,,,,,,,,,
,,,,,,,,,,,,,,,,,,,,,,,,,
,,,,,,,,,,,,,,,,,,,,,,,,,
,,,,,,,,,,,,,,,,,,,,,,,,,
,,,,,,,,,,,,,,,,,,,,,,,,,
,,,,,,,,,,,,,,,,,,,,,,,,,
,,,,,,,,,,,,,,,,,,,,,,,,,
,,,,,,,,,,,,,,,,,,,,,,,,,
,,,,,,,,,,,,,,,,,,,,,,,,,
,,,,,,,,,,,,,,,,,,,,,,,,,
,,,,,,,,,,,,,,,,,,,,,,,,,
,,,,,,,,,,,,,,,,,,,,,,,,,
,,,,,,,,,,,,,,,,,,,,,,,,,
,,,,,,,,,,,,,,,,,,,,,,,,,
,,,,,,,,,,,,,,,,,,,,,,,,,
,,,,,,,,,,,,,,,,,,,,,,,,,
,,,,,,,,,,,,,,,,,,,,,,,,,
,,,,,,,,,,,,,,,,,,,,,,,,,
,,,,,,,,,,,,,,,,,,,,,,,,,
,,,,,,,,,,,,,,,,,,,,,,,,,
,,,,,,,,,,,,,,,,,,,,,,,,,
,,,,,,,,,,,,,,,,,,,,,,,,,
,,,,,,,,,,,,,,,,,,,,,,,,,
,,,,,,,,,,,,,,,,,,,,,,,,,
,,,,,,,,,,,,,,,,,,,,,,,,,
,,,,,,,,,,,,,,,,,,,,,,,,,
,,,,,,,,,,,,,,,,,,,,,,,,,
,,,,,,,,,,,,,,,,,,,,,,,,,
,,,,,,,,,,,,,,,,,,,,,,,,,
,,,,,,,,,,,,,,,,,,,,,,,,,
,,,,,,,,,,,,,,,,,,,,,,,,,
,,,,,,,,,,,,,,,,,,,,,,,,,
,,,,,,,,,,,,,,,,,,,,,,,,,
,,,,,,,,,,,,,,,,,,,,,,,,,
,,,,,,,,,,,,,,,,,,,,,,,,,
,,,,,,,,,,,,,,,,,,,,,,,,,
,,,,,,,,,,,,,,,,,,,,,,,,,
,,,,,,,,,,,,,,,,,,,,,,,,,
,,,,,,,,,,,,,,,,,,,,,,,,,
,,,,,,,,,,,,,,,,,,,,,,,,,
,,,,,,,,,,,,,,,,,,,,,,,,,
,,,,,,,,,,,,,,,,,,,,,,,,,
,,,,,,,,,,,,,,,,,,,,,,,,,
,,,,,,,,,,,,,,,,,,,,,,,,,
,,,,,,,,,,,,,,,,,,,,,,,,,
,,,,,,,,,,,,,,,,,,,,,,,,,
,,,,,,,,,,,,,,,,,,,,,,,,,
,,,,,,,,,,,,,,,,,,,,,,,,,
,,,,,,,,,,,,,,,,,,,,,,,,,
,,,,,,,,,,,,,,,,,,,,,,,,,
,,,,,,,,,,,,,,,,,,,,,,,,,
,,,,,,,,,,,,,,,,,,,,,,,,,
,,,,,,,,,,,,,,,,,,,,,,,,,
,,,,,,,,,,,,,,,,,,,,,,,,,
,,,,,,,,,,,,,,,,,,,,,,,,,
,,,,,,,,,,,,,,,,,,,,,,,,,
,,,,,,,,,,,,,,,,,,,,,,,,,
,,,,,,,,,,,,,,,,,,,,,,,,,
,,,,,,,,,,,,,,,,,,,,,,,,,
,,,,,,,,,,,,,,,,,,,,,,,,,
,,,,,,,,,,,,,,,,,,,,,,,,,
,,,,,,,,,,,,,,,,,,,,,,,,,
,,,,,,,,,,,,,,,,,,,,,,,,,
,,,,,,,,,,,,,,,,,,,,,,,,,
,,,,,,,,,,,,,,,,,,,,,,,,,
,,,,,,,,,,,,,,,,,,,,,,,,,
,,,,,,,,,,,,,,,,,,,,,,,,,
,,,,,,,,,,,,,,,,,,,,,,,,,
,,,,,,,,,,,,,,,,,,,,,,,,,
,,,,,,,,,,,,,,,,,,,,,,,,,
,,,,,,,,,,,,,,,,,,,,,,,,,
,,,,,,,,,,,,,,,,,,,,,,,,,
,,,,,,,,,,,,,,,,,,,,,,,,,
,,,,,,,,,,,,,,,,,,,,,,,,,
,,,,,,,,,,,,,,,,,,,,,,,,,
,,,,,,,,,,,,,,,,,,,,,,,,,
,,,,,,,,,,,,,,,,,,,,,,,,,
,,,,,,,,,,,,,,,,,,,,,,,,,
,,,,,,,,,,,,,,,,,,,,,,,,,
,,,,,,,,,,,,,,,,,,,,,,,,,
,,,,,,,,,,,,,,,,,,,,,,,,,
,,,,,,,,,,,,,,,,,,,,,,,,,
,,,,,,,,,,,,,,,,,,,,,,,,,
,,,,,,,,,,,,,,,,,,,,,,,,,
,,,,,,,,,,,,,,,,,,,,,,,,,
,,,,,,,,,,,,,,,,,,,,,,,,,
,,,,,,,,,,,,,,,,,,,,,,,,,
,,,,,,,,,,,,,,,,,,,,,,,,,
,,,,,,,,,,,,,,,,,,,,,,,,,
,,,,,,,,,,,,,,,,,,,,,,,,,
,,,,,,,,,,,,,,,,,,,,,,,,,
,,,,,,,,,,,,,,,,,,,,,,,,,
,,,,,,,,,,,,,,,,,,,,,,,,,
,,,,,,,,,,,,,,,,,,,,,,,,,
,,,,,,,,,,,,,,,,,,,,,,,,,
,,,,,,,,,,,,,,,,,,,,,,,,,
,,,,,,,,,,,,,,,,,,,,,,,,,
,,,,,,,,,,,,,,,,,,,,,,,,,
,,,,,,,,,,,,,,,,,,,,,,,,,
,,,,,,,,,,,,,,,,,,,,,,,,,
,,,,,,,,,,,,,,,,,,,,,,,,,
,,,,,,,,,,,,,,,,,,,,,,,,,
,,,,,,,,,,,,,,,,,,,,,,,,,
,,,,,,,,,,,,,,,,,,,,,,,,,
,,,,,,,,,,,,,,,,,,,,,,,,,
,,,,,,,,,,,,,,,,,,,,,,,,,
,,,,,,,,,,,,,,,,,,,,,,,,,
,,,,,,,,,,,,,,,,,,,,,,,,,
,,,,,,,,,,,,,,,,,,,,,,,,,
,,,,,,,,,,,,,,,,,,,,,,,,,
,,,,,,,,,,,,,,,,,,,,,,,,,
,,,,,,,,,,,,,,,,,,,,,,,,,
,,,,,,,,,,,,,,,,,,,,,,,,,
,,,,,,,,,,,,,,,,,,,,,,,,,
,,,,,,,,,,,,,,,,,,,,,,,,,
,,,,,,,,,,,,,,,,,,,,,,,,,
,,,,,,,,,,,,,,,,,,,,,,,,,
,,,,,,,,,,,,,,,,,,,,,,,,,
,,,,,,,,,,,,,,,,,,,,,,,,,
,,,,,,,,,,,,,,,,,,,,,,,,,
,,,,,,,,,,,,,,,,,,,,,,,,,
,,,,,,,,,,,,,,,,,,,,,,,,,
,,,,,,,,,,,,,,,,,,,,,,,,,
,,,,,,,,,,,,,,,,,,,,,,,,,
,,,,,,,,,,,,,,,,,,,,,,,,,
,,,,,,,,,,,,,,,,,,,,,,,,,
,,,,,,,,,,,,,,,,,,,,,,,,,
,,,,,,,,,,,,,,,,,,,,,,,,,
,,,,,,,,,,,,,,,,,,,,,,,,,
,,,,,,,,,,,,,,,,,,,,,,,,,
,,,,,,,,,,,,,,,,,,,,,,,,,
,,,,,,,,,,,,,,,,,,,,,,,,,
,,,,,,,,,,,,,,,,,,,,,,,,,
,,,,,,,,,,,,,,,,,,,,,,,,,
,,,,,,,,,,,,,,,,,,,,,,,,,
,,,,,,,,,,,,,,,,,,,,,,,,,
,,,,,,,,,,,,,,,,,,,,,,,,,
,,,,,,,,,,,,,,,,,,,,,,,,,
,,,,,,,,,,,,,,,,,,,,,,,,,
,,,,,,,,,,,,,,,,,,,,,,,,,
,,,,,,,,,,,,,,,,,,,,,,,,,
,,,,,,,,,,,,,,,,,,,,,,,,,
,,,,,,,,,,,,,,,,,,,,,,,,,
,,,,,,,,,,,,,,,,,,,,,,,,,
,,,,,,,,,,,,,,,,,,,,,,,,,
,,,,,,,,,,,,,,,,,,,,,,,,,
,,,,,,,,,,,,,,,,,,,,,,,,,
,,,,,,,,,,,,,,,,,,,,,,,,,
,,,,,,,,,,,,,,,,,,,,,,,,,
,,,,,,,,,,,,,,,,,,,,,,,,,
,,,,,,,,,,,,,,,,,,,,,,,,,
,,,,,,,,,,,,,,,,,,,,,,,,,
,,,,,,,,,,,,,,,,,,,,,,,,,
,,,,,,,,,,,,,,,,,,,,,,,,,
,,,,,,,,,,,,,,,,,,,,,,,,,
,,,,,,,,,,,,,,,,,,,,,,,,,
,,,,,,,,,,,,,,,,,,,,,,,,,
,,,,,,,,,,,,,,,,,,,,,,,,,
,,,,,,,,,,,,,,,,,,,,,,,,,
,,,,,,,,,,,,,,,,,,,,,,,,,
,,,,,,,,,,,,,,,,,,,,,,,,,
,,,,,,,,,,,,,,,,,,,,,,,,,
,,,,,,,,,,,,,,,,,,,,,,,,,
,,,,,,,,,,,,,,,,,,,,,,,,,
,,,,,,,,,,,,,,,,,,,,,,,,,
,,,,,,,,,,,,,,,,,,,,,,,,,
,,,,,,,,,,,,,,,,,,,,,,,,,
,,,,,,,,,,,,,,,,,,,,,,,,,
,,,,,,,,,,,,,,,,,,,,,,,,,
,,,,,,,,,,,,,,,,,,,,,,,,,
,,,,,,,,,,,,,,,,,,,,,,,,,
,,,,,,,,,,,,,,,,,,,,,,,,,
,,,,,,,,,,,,,,,,,,,,,,,,,
,,,,,,,,,,,,,,,,,,,,,,,,,
,,,,,,,,,,,,,,,,,,,,,,,,,
,,,,,,,,,,,,,,,,,,,,,,,,,
,,,,,,,,,,,,,,,,,,,,,,,,,
,,,,,,,,,,,,,,,,,,,,,,,,,
,,,,,,,,,,,,,,,,,,,,,,,,,
,,,,,,,,,,,,,,,,,,,,,,,,,
,,,,,,,,,,,,,,,,,,,,,,,,,
,,,,,,,,,,,,,,,,,,,,,,,,,
,,,,,,,,,,,,,,,,,,,,,,,,,
,,,,,,,,,,,,,,,,,,,,,,,,,
,,,,,,,,,,,,,,,,,,,,,,,,,
,,,,,,,,,,,,,,,,,,,,,,,,,
,,,,,,,,,,,,,,,,,,,,,,,,,
,,,,,,,,,,,,,,,,,,,,,,,,,
,,,,,,,,,,,,,,,,,,,,,,,,,
,,,,,,,,,,,,,,,,,,,,,,,,,
,,,,,,,,,,,,,,,,,,,,,,,,,
,,,,,,,,,,,,,,,,,,,,,,,,,
,,,,,,,,,,,,,,,,,,,,,,,,,
,,,,,,,,,,,,,,,,,,,,,,,,,
,,,,,,,,,,,,,,,,,,,,,,,,,
,,,,,,,,,,,,,,,,,,,,,,,,,
,,,,,,,,,,,,,,,,,,,,,,,,,
,,,,,,,,,,,,,,,,,,,,,,,,,
,,,,,,,,,,,,,,,,,,,,,,,,,
,,,,,,,,,,,,,,,,,,,,,,,,,
,,,,,,,,,,,,,,,,,,,,,,,,,
,,,,,,,,,,,,,,,,,,,,,,,,,
,,,,,,,,,,,,,,,,,,,,,,,,,
,,,,,,,,,,,,,,,,,,,,,,,,,
,,,,,,,,,,,,,,,,,,,,,,,,,
,,,,,,,,,,,,,,,,,,,,,,,,,
,,,,,,,,,,,,,,,,,,,,,,,,,
,,,,,,,,,,,,,,,,,,,,,,,,,
,,,,,,,,,,,,,,,,,,,,,,,,,
,,,,,,,,,,,,,,,,,,,,,,,,,
,,,,,,,,,,,,,,,,,,,,,,,,,
,,,,,,,,,,,,,,,,,,,,,,,,,
,,,,,,,,,,,,,,,,,,,,,,,,,
,,,,,,,,,,,,,,,,,,,,,,,,,
,,,,,,,,,,,,,,,,,,,,,,,,,
,,,,,,,,,,,,,,,,,,,,,,,,,
,,,,,,,,,,,,,,,,,,,,,,,,,
,,,,,,,,,,,,,,,,,,,,,,,,,
,,,,,,,,,,,,,,,,,,,,,,,,,
,,,,,,,,,,,,,,,,,,,,,,,,,
,,,,,,,,,,,,,,,,,,,,,,,,,
,,,,,,,,,,,,,,,,,,,,,,,,,
,,,,,,,,,,,,,,,,,,,,,,,,,
,,,,,,,,,,,,,,,,,,,,,,,,,
,,,,,,,,,,,,,,,,,,,,,,,,,
,,,,,,,,,,,,,,,,,,,,,,,,,
,,,,,,,,,,,,,,,,,,,,,,,,,
,,,,,,,,,,,,,,,,,,,,,,,,,
,,,,,,,,,,,,,,,,,,,,,,,,,
,,,,,,,,,,,,,,,,,,,,,,,,,
,,,,,,,,,,,,,,,,,,,,,,,,,
,,,,,,,,,,,,,,,,,,,,,,,,,
,,,,,,,,,,,,,,,,,,,,,,,,,
,,,,,,,,,,,,,,,,,,,,,,,,,
,,,,,,,,,,,,,,,,,,,,,,,,,
,,,,,,,,,,,,,,,,,,,,,,,,,
,,,,,,,,,,,,,,,,,,,,,,,,,
,,,,,,,,,,,,,,,,,,,,,,,,,
,,,,,,,,,,,,,,,,,,,,,,,,,
,,,,,,,,,,,,,,,,,,,,,,,,,
,,,,,,,,,,,,,,,,,,,,,,,,,
,,,,,,,,,,,,,,,,,,,,,,,,,
,,,,,,,,,,,,,,,,,,,,,,,,,
,,,,,,,,,,,,,,,,,,,,,,,,,
,,,,,,,,,,,,,,,,,,,,,,,,,
,,,,,,,,,,,,,,,,,,,,,,,,,
,,,,,,,,,,,,,,,,,,,,,,,,,
,,,,,,,,,,,,,,,,,,,,,,,,,
,,,,,,,,,,,,,,,,,,,,,,,,,
,,,,,,,,,,,,,,,,,,,,,,,,,
,,,,,,,,,,,,,,,,,,,,,,,,,
,,,,,,,,,,,,,,,,,,,,,,,,,
